dataset,desired_class,overall_seed,fold_idx,test_sample_idx,rep_idx,x,pred_class_x,true_class_x,z,pred_class_z,check_plausibility,opt_C_robust,opt_K_robust,run_time,blackbox_test_acc,blackbox,gower_dist,loss,sparsity
credit,1,42,1,0,0,"[1, 18, 4, 2, 1049, 1, 2, 4, 1, 0, 4, 2, 21, 2, 1, 1, 3, 2, 0, 1]",0,1,"[4.0, 18.0, 4.0, 0.0, 1055.0, 1.0, 2.0, 4.0, 1.0, 0.0, 1.0, 2.0, 30.0, 2.0, 2.0, 2.0, 3.0, 2.0, 0.0, 1.0]",1,False,False,0,0.352,0.78,rf,0.19957659338218967,0.27478829669109484,0.6499999999999999
credit,1,42,1,0,1,"[1, 18, 4, 2, 1049, 1, 2, 4, 1, 0, 4, 2, 21, 2, 1, 1, 3, 2, 0, 1]",0,1,"[4.0, 18.0, 4.0, 0.0, 1055.0, 1.0, 2.0, 4.0, 1.0, 0.0, 1.0, 2.0, 30.0, 2.0, 2.0, 2.0, 3.0, 2.0, 0.0, 1.0]",1,False,False,0,0.282,0.78,rf,0.19957659338218967,0.27478829669109484,0.6499999999999999
credit,1,42,1,0,2,"[1, 18, 4, 2, 1049, 1, 2, 4, 1, 0, 4, 2, 21, 2, 1, 1, 3, 2, 0, 1]",0,1,"[1.0, 4.0, 4.0, 3.0, 1038.0, 1.0, 1.0, 4.0, 3.0, 0.0, 1.0, 2.0, 19.0, 2.0, 1.0, 1.0, 3.0, 2.0, 1.0, 0.0]",0,False,False,0,0.275,0.78,rf,0.27400445628840037,1.3620022281442001,0.55
credit,1,42,1,0,3,"[1, 18, 4, 2, 1049, 1, 2, 4, 1, 0, 4, 2, 21, 2, 1, 1, 3, 2, 0, 1]",0,1,"[4.0, 18.0, 4.0, 0.0, 1055.0, 1.0, 2.0, 4.0, 1.0, 0.0, 1.0, 2.0, 30.0, 2.0, 2.0, 2.0, 3.0, 2.0, 0.0, 1.0]",1,False,False,0,0.275,0.78,rf,0.19957659338218967,0.27478829669109484,0.6499999999999999
credit,1,42,1,0,4,"[1, 18, 4, 2, 1049, 1, 2, 4, 1, 0, 4, 2, 21, 2, 1, 1, 3, 2, 0, 1]",0,1,"[4.0, 18.0, 4.0, 0.0, 1055.0, 1.0, 2.0, 4.0, 1.0, 0.0, 1.0, 2.0, 30.0, 2.0, 2.0, 2.0, 3.0, 2.0, 0.0, 1.0]",1,False,False,0,0.275,0.78,rf,0.19957659338218967,0.27478829669109484,0.6499999999999999
credit,1,42,1,18,0,"[1, 15, 2, 8, 806, 1, 3, 4, 1, 0, 4, 2, 22, 2, 2, 1, 2, 2, 0, 1]",0,1,"[1.0, 15.0, 2.0, 8.0, 806.0, 1.0, 3.0, 4.0, 1.0, 0.0, 4.0, 2.0, 22.0, 2.0, 2.0, 1.0, 2.0, 2.0, 0.0, 1.0]",0,False,False,0,0.333,0.78,rf,0.0,1.0,1.0
credit,1,42,1,18,1,"[1, 15, 2, 8, 806, 1, 3, 4, 1, 0, 4, 2, 22, 2, 2, 1, 2, 2, 0, 1]",0,1,"[1.0, 15.0, 2.0, 8.0, 806.0, 1.0, 3.0, 4.0, 1.0, 0.0, 4.0, 2.0, 22.0, 2.0, 2.0, 1.0, 2.0, 2.0, 0.0, 1.0]",0,False,False,0,0.289,0.78,rf,0.0,1.0,1.0
credit,1,42,1,18,2,"[1, 15, 2, 8, 806, 1, 3, 4, 1, 0, 4, 2, 22, 2, 2, 1, 2, 2, 0, 1]",0,1,"[1.0, 15.0, 2.0, 8.0, 806.0, 1.0, 3.0, 4.0, 1.0, 0.0, 4.0, 2.0, 22.0, 2.0, 2.0, 1.0, 2.0, 2.0, 0.0, 1.0]",0,False,False,0,0.285,0.78,rf,0.0,1.0,1.0
credit,1,42,1,18,3,"[1, 15, 2, 8, 806, 1, 3, 4, 1, 0, 4, 2, 22, 2, 2, 1, 2, 2, 0, 1]",0,1,"[1.0, 15.0, 2.0, 8.0, 806.0, 1.0, 3.0, 4.0, 1.0, 0.0, 4.0, 2.0, 22.0, 2.0, 2.0, 1.0, 2.0, 2.0, 0.0, 1.0]",0,False,False,0,0.285,0.78,rf,0.0,1.0,1.0
credit,1,42,1,18,4,"[1, 15, 2, 8, 806, 1, 3, 4, 1, 0, 4, 2, 22, 2, 2, 1, 2, 2, 0, 1]",0,1,"[1.0, 15.0, 2.0, 8.0, 806.0, 1.0, 3.0, 4.0, 1.0, 0.0, 4.0, 2.0, 22.0, 2.0, 2.0, 1.0, 2.0, 2.0, 0.0, 1.0]",0,False,False,0,0.285,0.78,rf,0.0,1.0,1.0
credit,1,42,1,36,0,"[1, 30, 0, 8, 8072, 5, 2, 2, 2, 0, 3, 3, 25, 0, 2, 3, 3, 2, 0, 1]",0,1,"[1.0, 30.0, 0.0, 8.0, 8072.0, 5.0, 2.0, 2.0, 2.0, 0.0, 3.0, 3.0, 25.0, 0.0, 2.0, 3.0, 3.0, 2.0, 0.0, 1.0]",0,False,False,0,0.339,0.78,rf,0.0,1.0,1.0
credit,1,42,1,36,1,"[1, 30, 0, 8, 8072, 5, 2, 2, 2, 0, 3, 3, 25, 0, 2, 3, 3, 2, 0, 1]",0,1,"[1.0, 30.0, 0.0, 8.0, 8072.0, 5.0, 2.0, 2.0, 2.0, 0.0, 3.0, 3.0, 25.0, 0.0, 2.0, 3.0, 3.0, 2.0, 0.0, 1.0]",0,False,False,0,0.282,0.78,rf,0.0,1.0,1.0
credit,1,42,1,36,2,"[1, 30, 0, 8, 8072, 5, 2, 2, 2, 0, 3, 3, 25, 0, 2, 3, 3, 2, 0, 1]",0,1,"[1.0, 30.0, 0.0, 8.0, 8072.0, 5.0, 2.0, 2.0, 2.0, 0.0, 3.0, 3.0, 25.0, 0.0, 2.0, 3.0, 3.0, 2.0, 0.0, 1.0]",0,False,False,0,0.277,0.78,rf,0.0,1.0,1.0
credit,1,42,1,36,3,"[1, 30, 0, 8, 8072, 5, 2, 2, 2, 0, 3, 3, 25, 0, 2, 3, 3, 2, 0, 1]",0,1,"[1.0, 30.0, 0.0, 8.0, 8072.0, 5.0, 2.0, 2.0, 2.0, 0.0, 3.0, 3.0, 25.0, 0.0, 2.0, 3.0, 3.0, 2.0, 0.0, 1.0]",0,False,False,0,0.278,0.78,rf,0.0,1.0,1.0
credit,1,42,1,36,4,"[1, 30, 0, 8, 8072, 5, 2, 2, 2, 0, 3, 3, 25, 0, 2, 3, 3, 2, 0, 1]",0,1,"[1.0, 30.0, 0.0, 8.0, 8072.0, 5.0, 2.0, 2.0, 2.0, 0.0, 3.0, 3.0, 25.0, 0.0, 2.0, 3.0, 3.0, 2.0, 0.0, 1.0]",0,False,False,0,0.278,0.78,rf,0.0,1.0,1.0
credit,1,42,1,39,0,"[2, 48, 1, 0, 12169, 5, 1, 4, 2, 1, 4, 4, 36, 2, 3, 1, 4, 2, 1, 1]",0,1,"[4.0, 21.0, 4.0, 0.0, 12680.0, 5.0, 5.0, 4.0, 2.0, 0.0, 4.0, 4.0, 30.0, 2.0, 3.0, 1.0, 4.0, 2.0, 1.0, 1.0]",1,False,False,0,0.313,0.78,rf,0.19614016211414612,0.2730700810570731,0.6499999999999999
credit,1,42,1,39,1,"[2, 48, 1, 0, 12169, 5, 1, 4, 2, 1, 4, 4, 36, 2, 3, 1, 4, 2, 1, 1]",0,1,"[4.0, 21.0, 4.0, 0.0, 12680.0, 5.0, 5.0, 4.0, 2.0, 0.0, 4.0, 4.0, 30.0, 2.0, 3.0, 1.0, 4.0, 2.0, 1.0, 1.0]",1,False,False,0,0.281,0.78,rf,0.19614016211414612,0.2730700810570731,0.6499999999999999
credit,1,42,1,39,2,"[2, 48, 1, 0, 12169, 5, 1, 4, 2, 1, 4, 4, 36, 2, 3, 1, 4, 2, 1, 1]",0,1,"[4.0, 21.0, 4.0, 0.0, 12680.0, 5.0, 5.0, 4.0, 2.0, 0.0, 4.0, 4.0, 30.0, 2.0, 3.0, 1.0, 4.0, 2.0, 1.0, 1.0]",1,False,False,0,0.278,0.78,rf,0.19614016211414612,0.2730700810570731,0.6499999999999999
credit,1,42,1,39,3,"[2, 48, 1, 0, 12169, 5, 1, 4, 2, 1, 4, 4, 36, 2, 3, 1, 4, 2, 1, 1]",0,1,"[4.0, 21.0, 4.0, 0.0, 12680.0, 5.0, 1.0, 4.0, 2.0, 0.0, 4.0, 4.0, 19.0, 1.0, 3.0, 1.0, 4.0, 2.0, 1.0, 1.0]",1,False,False,0,0.298,0.78,rf,0.2057892849211637,0.2778946424605819,0.6499999999999999
credit,1,42,1,39,4,"[2, 48, 1, 0, 12169, 5, 1, 4, 2, 1, 4, 4, 36, 2, 3, 1, 4, 2, 1, 1]",0,1,"[4.0, 36.0, 4.0, 0.0, 10477.0, 5.0, 1.0, 4.0, 2.0, 0.0, 4.0, 4.0, 42.0, 2.0, 3.0, 2.0, 4.0, 2.0, 1.0, 1.0]",1,False,False,0,0.3,0.78,rf,0.15538003553186766,0.25269001776593386,0.6499999999999999
credit,1,42,1,43,0,"[2, 12, 2, 0, 685, 1, 4, 2, 3, 0, 3, 3, 25, 0, 2, 1, 2, 2, 0, 1]",0,0,"[2.0, 12.0, 2.0, 0.0, 685.0, 1.0, 4.0, 2.0, 3.0, 0.0, 3.0, 3.0, 25.0, 0.0, 2.0, 1.0, 2.0, 2.0, 0.0, 1.0]",0,False,False,0,0.316,0.78,rf,0.0,1.0,1.0
credit,1,42,1,43,1,"[2, 12, 2, 0, 685, 1, 4, 2, 3, 0, 3, 3, 25, 0, 2, 1, 2, 2, 0, 1]",0,0,"[2.0, 12.0, 2.0, 0.0, 685.0, 1.0, 4.0, 2.0, 3.0, 0.0, 3.0, 3.0, 25.0, 0.0, 2.0, 1.0, 2.0, 2.0, 0.0, 1.0]",0,False,False,0,0.281,0.78,rf,0.0,1.0,1.0
credit,1,42,1,43,2,"[2, 12, 2, 0, 685, 1, 4, 2, 3, 0, 3, 3, 25, 0, 2, 1, 2, 2, 0, 1]",0,0,"[2.0, 12.0, 2.0, 0.0, 685.0, 1.0, 4.0, 2.0, 3.0, 0.0, 3.0, 3.0, 25.0, 0.0, 2.0, 1.0, 2.0, 2.0, 0.0, 1.0]",0,False,False,0,0.276,0.78,rf,0.0,1.0,1.0
credit,1,42,1,43,3,"[2, 12, 2, 0, 685, 1, 4, 2, 3, 0, 3, 3, 25, 0, 2, 1, 2, 2, 0, 1]",0,0,"[2.0, 12.0, 2.0, 0.0, 685.0, 1.0, 4.0, 2.0, 3.0, 0.0, 3.0, 3.0, 25.0, 0.0, 2.0, 1.0, 2.0, 2.0, 0.0, 1.0]",0,False,False,0,0.276,0.78,rf,0.0,1.0,1.0
credit,1,42,1,43,4,"[2, 12, 2, 0, 685, 1, 4, 2, 3, 0, 3, 3, 25, 0, 2, 1, 2, 2, 0, 1]",0,0,"[2.0, 12.0, 2.0, 0.0, 685.0, 1.0, 4.0, 2.0, 3.0, 0.0, 3.0, 3.0, 25.0, 0.0, 2.0, 1.0, 2.0, 2.0, 0.0, 1.0]",0,False,False,0,0.277,0.78,rf,0.0,1.0,1.0
credit,1,42,1,60,0,"[1, 12, 1, 7, 339, 1, 5, 4, 3, 0, 1, 3, 45, 0, 2, 1, 2, 2, 0, 1]",0,1,"[1.0, 6.0, 2.0, 3.0, 428.0, 3.0, 5.0, 4.0, 1.0, 0.0, 1.0, 3.0, 52.0, 0.0, 1.0, 1.0, 3.0, 2.0, 0.0, 1.0]",1,False,False,0,0.331,0.78,rf,0.18969900066622253,0.31984950033311127,0.55
credit,1,42,1,60,1,"[1, 12, 1, 7, 339, 1, 5, 4, 3, 0, 1, 3, 45, 0, 2, 1, 2, 2, 0, 1]",0,1,"[1.0, 6.0, 2.0, 1.0, 343.0, 1.0, 5.0, 4.0, 1.0, 0.0, 1.0, 1.0, 27.0, 2.0, 2.0, 1.0, 1.0, 2.0, 0.0, 1.0]",1,False,False,0,0.279,0.78,rf,0.2324662669331557,0.34123313346657785,0.55
credit,1,42,1,60,2,"[1, 12, 1, 7, 339, 1, 5, 4, 3, 0, 1, 3, 45, 0, 2, 1, 2, 2, 0, 1]",0,1,"[4.0, 6.0, 0.0, 3.0, 426.0, 1.0, 5.0, 4.0, 3.0, 0.0, 4.0, 3.0, 39.0, 2.0, 2.0, 1.0, 2.0, 2.0, 0.0, 1.0]",1,False,False,0,0.275,0.78,rf,0.22215007772596052,0.31107503886298027,0.6
credit,1,42,1,60,3,"[1, 12, 1, 7, 339, 1, 5, 4, 3, 0, 1, 3, 45, 0, 2, 1, 2, 2, 0, 1]",0,1,"[4.0, 6.0, 0.0, 3.0, 426.0, 1.0, 5.0, 4.0, 3.0, 0.0, 4.0, 3.0, 39.0, 2.0, 2.0, 1.0, 2.0, 2.0, 0.0, 1.0]",1,False,False,0,0.275,0.78,rf,0.22215007772596052,0.31107503886298027,0.6
credit,1,42,1,60,4,"[1, 12, 1, 7, 339, 1, 5, 4, 3, 0, 1, 3, 45, 0, 2, 1, 2, 2, 0, 1]",0,1,"[4.0, 6.0, 0.0, 3.0, 426.0, 1.0, 5.0, 4.0, 3.0, 0.0, 4.0, 3.0, 39.0, 2.0, 2.0, 1.0, 2.0, 2.0, 0.0, 1.0]",1,False,False,0,0.276,0.78,rf,0.22215007772596052,0.31107503886298027,0.6
credit,1,42,1,74,0,"[1, 12, 2, 2, 1858, 1, 2, 4, 1, 0, 1, 3, 22, 2, 1, 1, 3, 2, 0, 1]",0,1,"[1.0, 12.0, 2.0, 2.0, 1858.0, 1.0, 2.0, 4.0, 1.0, 0.0, 1.0, 3.0, 22.0, 2.0, 1.0, 1.0, 3.0, 2.0, 0.0, 1.0]",0,False,False,0,0.326,0.78,rf,0.0,1.0,1.0
credit,1,42,1,74,1,"[1, 12, 2, 2, 1858, 1, 2, 4, 1, 0, 1, 3, 22, 2, 1, 1, 3, 2, 0, 1]",0,1,"[1.0, 12.0, 2.0, 2.0, 1858.0, 1.0, 2.0, 4.0, 1.0, 0.0, 1.0, 3.0, 22.0, 2.0, 1.0, 1.0, 3.0, 2.0, 0.0, 1.0]",0,False,False,0,0.277,0.78,rf,0.0,1.0,1.0
credit,1,42,1,74,2,"[1, 12, 2, 2, 1858, 1, 2, 4, 1, 0, 1, 3, 22, 2, 1, 1, 3, 2, 0, 1]",0,1,"[1.0, 12.0, 2.0, 2.0, 1858.0, 1.0, 2.0, 4.0, 1.0, 0.0, 1.0, 3.0, 22.0, 2.0, 1.0, 1.0, 3.0, 2.0, 0.0, 1.0]",0,False,False,0,0.273,0.78,rf,0.0,1.0,1.0
credit,1,42,1,74,3,"[1, 12, 2, 2, 1858, 1, 2, 4, 1, 0, 1, 3, 22, 2, 1, 1, 3, 2, 0, 1]",0,1,"[1.0, 12.0, 2.0, 2.0, 1858.0, 1.0, 2.0, 4.0, 1.0, 0.0, 1.0, 3.0, 22.0, 2.0, 1.0, 1.0, 3.0, 2.0, 0.0, 1.0]",0,False,False,0,0.274,0.78,rf,0.0,1.0,1.0
credit,1,42,1,74,4,"[1, 12, 2, 2, 1858, 1, 2, 4, 1, 0, 1, 3, 22, 2, 1, 1, 3, 2, 0, 1]",0,1,"[1.0, 12.0, 2.0, 2.0, 1858.0, 1.0, 2.0, 4.0, 1.0, 0.0, 1.0, 3.0, 22.0, 2.0, 1.0, 1.0, 3.0, 2.0, 0.0, 1.0]",0,False,False,0,0.277,0.78,rf,0.0,1.0,1.0
credit,1,42,1,76,0,"[1, 24, 2, 2, 3021, 1, 3, 2, 0, 0, 2, 1, 24, 2, 1, 1, 2, 2, 0, 1]",0,1,"[1.0, 24.0, 2.0, 2.0, 3021.0, 1.0, 3.0, 2.0, 0.0, 0.0, 2.0, 1.0, 24.0, 2.0, 1.0, 1.0, 2.0, 2.0, 0.0, 1.0]",0,False,False,0,0.319,0.78,rf,0.0,1.0,1.0
credit,1,42,1,76,1,"[1, 24, 2, 2, 3021, 1, 3, 2, 0, 0, 2, 1, 24, 2, 1, 1, 2, 2, 0, 1]",0,1,"[1.0, 24.0, 2.0, 2.0, 3021.0, 1.0, 3.0, 2.0, 0.0, 0.0, 2.0, 1.0, 24.0, 2.0, 1.0, 1.0, 2.0, 2.0, 0.0, 1.0]",0,False,False,0,0.276,0.78,rf,0.0,1.0,1.0
credit,1,42,1,76,2,"[1, 24, 2, 2, 3021, 1, 3, 2, 0, 0, 2, 1, 24, 2, 1, 1, 2, 2, 0, 1]",0,1,"[1.0, 24.0, 2.0, 2.0, 3021.0, 1.0, 3.0, 2.0, 0.0, 0.0, 2.0, 1.0, 24.0, 2.0, 1.0, 1.0, 2.0, 2.0, 0.0, 1.0]",0,False,False,0,0.273,0.78,rf,0.0,1.0,1.0
credit,1,42,1,76,3,"[1, 24, 2, 2, 3021, 1, 3, 2, 0, 0, 2, 1, 24, 2, 1, 1, 2, 2, 0, 1]",0,1,"[1.0, 24.0, 2.0, 2.0, 3021.0, 1.0, 3.0, 2.0, 0.0, 0.0, 2.0, 1.0, 24.0, 2.0, 1.0, 1.0, 2.0, 2.0, 0.0, 1.0]",0,False,False,0,0.274,0.78,rf,0.0,1.0,1.0
credit,1,42,1,76,4,"[1, 24, 2, 2, 3021, 1, 3, 2, 0, 0, 2, 1, 24, 2, 1, 1, 2, 2, 0, 1]",0,1,"[1.0, 24.0, 2.0, 2.0, 3021.0, 1.0, 3.0, 2.0, 0.0, 0.0, 2.0, 1.0, 24.0, 2.0, 1.0, 1.0, 2.0, 2.0, 0.0, 1.0]",0,False,False,0,0.274,0.78,rf,0.0,1.0,1.0
credit,1,42,1,96,0,"[1, 18, 0, 8, 3104, 1, 4, 3, 2, 0, 1, 2, 31, 0, 2, 1, 3, 2, 1, 1]",0,1,"[1.0, 18.0, 0.0, 8.0, 3104.0, 1.0, 4.0, 3.0, 2.0, 0.0, 1.0, 2.0, 31.0, 0.0, 2.0, 1.0, 3.0, 2.0, 1.0, 1.0]",0,False,False,0,0.325,0.78,rf,0.0,1.0,1.0
credit,1,42,1,96,1,"[1, 18, 0, 8, 3104, 1, 4, 3, 2, 0, 1, 2, 31, 0, 2, 1, 3, 2, 1, 1]",0,1,"[1.0, 18.0, 0.0, 8.0, 3104.0, 1.0, 4.0, 3.0, 2.0, 0.0, 1.0, 2.0, 31.0, 0.0, 2.0, 1.0, 3.0, 2.0, 1.0, 1.0]",0,False,False,0,0.296,0.78,rf,0.0,1.0,1.0
credit,1,42,1,96,2,"[1, 18, 0, 8, 3104, 1, 4, 3, 2, 0, 1, 2, 31, 0, 2, 1, 3, 2, 1, 1]",0,1,"[1.0, 18.0, 0.0, 8.0, 3104.0, 1.0, 4.0, 3.0, 2.0, 0.0, 1.0, 2.0, 31.0, 0.0, 2.0, 1.0, 3.0, 2.0, 1.0, 1.0]",0,False,False,0,0.293,0.78,rf,0.0,1.0,1.0
credit,1,42,1,96,3,"[1, 18, 0, 8, 3104, 1, 4, 3, 2, 0, 1, 2, 31, 0, 2, 1, 3, 2, 1, 1]",0,1,"[1.0, 18.0, 0.0, 8.0, 3104.0, 1.0, 4.0, 3.0, 2.0, 0.0, 1.0, 2.0, 31.0, 0.0, 2.0, 1.0, 3.0, 2.0, 1.0, 1.0]",0,False,False,0,0.293,0.78,rf,0.0,1.0,1.0
credit,1,42,1,96,4,"[1, 18, 0, 8, 3104, 1, 4, 3, 2, 0, 1, 2, 31, 0, 2, 1, 3, 2, 1, 1]",0,1,"[1.0, 18.0, 0.0, 8.0, 3104.0, 1.0, 4.0, 3.0, 2.0, 0.0, 1.0, 2.0, 31.0, 0.0, 2.0, 1.0, 3.0, 2.0, 1.0, 1.0]",0,False,False,0,0.297,0.78,rf,0.0,1.0,1.0
credit,1,42,1,103,0,"[1, 12, 2, 3, 701, 1, 3, 4, 3, 0, 2, 1, 40, 2, 2, 1, 2, 2, 0, 1]",0,1,"[1.0, 12.0, 2.0, 3.0, 701.0, 1.0, 3.0, 4.0, 3.0, 0.0, 2.0, 1.0, 40.0, 2.0, 2.0, 1.0, 2.0, 2.0, 0.0, 1.0]",0,False,False,0,0.305,0.78,rf,0.0,1.0,1.0
credit,1,42,1,103,1,"[1, 12, 2, 3, 701, 1, 3, 4, 3, 0, 2, 1, 40, 2, 2, 1, 2, 2, 0, 1]",0,1,"[1.0, 12.0, 2.0, 3.0, 701.0, 1.0, 3.0, 4.0, 3.0, 0.0, 2.0, 1.0, 40.0, 2.0, 2.0, 1.0, 2.0, 2.0, 0.0, 1.0]",0,False,False,0,0.277,0.78,rf,0.0,1.0,1.0
credit,1,42,1,103,2,"[1, 12, 2, 3, 701, 1, 3, 4, 3, 0, 2, 1, 40, 2, 2, 1, 2, 2, 0, 1]",0,1,"[1.0, 12.0, 2.0, 3.0, 701.0, 1.0, 3.0, 4.0, 3.0, 0.0, 2.0, 1.0, 40.0, 2.0, 2.0, 1.0, 2.0, 2.0, 0.0, 1.0]",0,False,False,0,0.275,0.78,rf,0.0,1.0,1.0
credit,1,42,1,103,3,"[1, 12, 2, 3, 701, 1, 3, 4, 3, 0, 2, 1, 40, 2, 2, 1, 2, 2, 0, 1]",0,1,"[1.0, 12.0, 2.0, 3.0, 701.0, 1.0, 3.0, 4.0, 3.0, 0.0, 2.0, 1.0, 40.0, 2.0, 2.0, 1.0, 2.0, 2.0, 0.0, 1.0]",0,False,False,0,0.275,0.78,rf,0.0,1.0,1.0
credit,1,42,1,103,4,"[1, 12, 2, 3, 701, 1, 3, 4, 3, 0, 2, 1, 40, 2, 2, 1, 2, 2, 0, 1]",0,1,"[1.0, 12.0, 2.0, 3.0, 701.0, 1.0, 3.0, 4.0, 3.0, 0.0, 2.0, 1.0, 40.0, 2.0, 2.0, 1.0, 2.0, 2.0, 0.0, 1.0]",0,False,False,0,0.276,0.78,rf,0.0,1.0,1.0
credit,1,42,1,112,0,"[2, 60, 2, 0, 7408, 2, 2, 4, 1, 0, 2, 2, 24, 2, 2, 1, 4, 2, 0, 1]",0,0,"[2.0, 12.0, 2.0, 0.0, 7472.0, 5.0, 1.0, 1.0, 1.0, 0.0, 2.0, 1.0, 24.0, 2.0, 1.0, 1.0, 1.0, 2.0, 0.0, 1.0]",1,False,False,0,0.312,0.78,rf,0.22516202531645568,0.31258101265822785,0.6
credit,1,42,1,112,1,"[2, 60, 2, 0, 7408, 2, 2, 4, 1, 0, 2, 2, 24, 2, 2, 1, 4, 2, 0, 1]",0,0,"[2.0, 4.0, 4.0, 2.0, 250.0, 1.0, 3.0, 4.0, 2.0, 0.0, 1.0, 1.0, 19.0, 2.0, 2.0, 1.0, 4.0, 2.0, 0.0, 1.0]",1,False,False,0,0.317,0.78,rf,0.24472970612184472,0.3723648530609224,0.5
credit,1,42,1,112,2,"[2, 60, 2, 0, 7408, 2, 2, 4, 1, 0, 2, 2, 24, 2, 2, 1, 4, 2, 0, 1]",0,0,"[2.0, 4.0, 2.0, 2.0, 7511.0, 1.0, 1.0, 4.0, 2.0, 0.0, 4.0, 1.0, 19.0, 2.0, 2.0, 1.0, 3.0, 2.0, 1.0, 1.0]",1,False,False,0,0.275,0.78,rf,0.28520227996150715,0.4176011399807536,0.44999999999999996
credit,1,42,1,112,3,"[2, 60, 2, 0, 7408, 2, 2, 4, 1, 0, 2, 2, 24, 2, 2, 1, 4, 2, 0, 1]",0,0,"[2.0, 12.0, 2.0, 0.0, 7472.0, 1.0, 1.0, 1.0, 2.0, 0.0, 1.0, 1.0, 24.0, 2.0, 2.0, 1.0, 1.0, 2.0, 0.0, 1.0]",1,False,False,0,0.276,0.78,rf,0.2418286919831224,0.34591434599156123,0.55
credit,1,42,1,112,4,"[2, 60, 2, 0, 7408, 2, 2, 4, 1, 0, 2, 2, 24, 2, 2, 1, 4, 2, 0, 1]",0,0,"[2.0, 4.0, 2.0, 0.0, 7374.0, 1.0, 1.0, 4.0, 2.0, 0.0, 4.0, 2.0, 40.0, 0.0, 2.0, 1.0, 4.0, 1.0, 1.0, 1.0]",1,False,False,0,0.277,0.78,rf,0.31134338589088756,0.4056716929454438,0.5
credit,1,42,1,115,0,"[2, 48, 0, 8, 12204, 5, 3, 2, 2, 0, 2, 3, 48, 0, 2, 1, 4, 2, 1, 1]",0,1,"[4.0, 36.0, 4.0, 1.0, 11054.0, 5.0, 3.0, 4.0, 2.0, 0.0, 2.0, 3.0, 30.0, 2.0, 2.0, 1.0, 4.0, 2.0, 1.0, 1.0]",1,False,False,0,0.311,0.78,rf,0.24370086608927385,0.32185043304463695,0.6
credit,1,42,1,115,1,"[2, 48, 0, 8, 12204, 5, 3, 2, 2, 0, 2, 3, 48, 0, 2, 1, 4, 2, 1, 1]",0,1,"[4.0, 36.0, 4.0, 1.0, 11054.0, 5.0, 3.0, 4.0, 2.0, 0.0, 2.0, 3.0, 30.0, 2.0, 2.0, 1.0, 4.0, 2.0, 1.0, 1.0]",1,False,False,0,0.278,0.78,rf,0.24370086608927385,0.32185043304463695,0.6
credit,1,42,1,115,2,"[2, 48, 0, 8, 12204, 5, 3, 2, 2, 0, 2, 3, 48, 0, 2, 1, 4, 2, 1, 1]",0,1,"[4.0, 36.0, 4.0, 1.0, 11054.0, 5.0, 3.0, 4.0, 2.0, 0.0, 2.0, 3.0, 30.0, 2.0, 2.0, 1.0, 4.0, 2.0, 1.0, 1.0]",1,False,False,0,0.275,0.78,rf,0.24370086608927385,0.32185043304463695,0.6
credit,1,42,1,115,3,"[2, 48, 0, 8, 12204, 5, 3, 2, 2, 0, 2, 3, 48, 0, 2, 1, 4, 2, 1, 1]",0,1,"[4.0, 36.0, 4.0, 1.0, 11054.0, 5.0, 3.0, 4.0, 2.0, 0.0, 2.0, 3.0, 30.0, 2.0, 2.0, 1.0, 4.0, 2.0, 1.0, 1.0]",1,False,False,0,0.275,0.78,rf,0.24370086608927385,0.32185043304463695,0.6
credit,1,42,1,115,4,"[2, 48, 0, 8, 12204, 5, 3, 2, 2, 0, 2, 3, 48, 0, 2, 1, 4, 2, 1, 1]",0,1,"[4.0, 36.0, 4.0, 1.0, 11054.0, 5.0, 3.0, 4.0, 2.0, 0.0, 2.0, 3.0, 30.0, 2.0, 2.0, 1.0, 4.0, 2.0, 1.0, 1.0]",1,False,False,0,0.277,0.78,rf,0.24370086608927385,0.32185043304463695,0.6
credit,1,42,1,117,0,"[1, 24, 1, 0, 1193, 1, 1, 1, 1, 1, 4, 4, 29, 2, 1, 2, 1, 2, 0, 1]",0,0,"[1.0, 4.0, 0.0, 0.0, 250.0, 1.0, 1.0, 1.0, 1.0, 1.0, 1.0, 1.0, 19.0, 2.0, 1.0, 1.0, 1.0, 2.0, 0.0, 1.0]",0,False,False,0,0.501,0.78,rf,0.1542148271522689,1.2521074135761345,0.6499999999999999
credit,1,42,1,117,1,"[1, 24, 1, 0, 1193, 1, 1, 1, 1, 1, 4, 4, 29, 2, 1, 2, 1, 2, 0, 1]",0,0,"[1.0, 4.0, 0.0, 5.0, 1168.0, 1.0, 1.0, 1.0, 1.0, 2.0, 3.0, 1.0, 19.0, 2.0, 1.0, 1.0, 1.0, 1.0, 0.0, 1.0]",1,False,False,0,0.316,0.78,rf,0.2685574431860242,0.38427872159301213,0.5
credit,1,42,1,117,2,"[1, 24, 1, 0, 1193, 1, 1, 1, 1, 1, 4, 4, 29, 2, 1, 2, 1, 2, 0, 1]",0,0,"[1.0, 4.0, 0.0, 0.0, 250.0, 1.0, 1.0, 1.0, 1.0, 2.0, 1.0, 1.0, 19.0, 2.0, 1.0, 1.0, 1.0, 1.0, 0.0, 1.0]",1,False,False,0,0.316,0.78,rf,0.2542148271522689,0.35210741357613445,0.55
credit,1,42,1,117,3,"[1, 24, 1, 0, 1193, 1, 1, 1, 1, 1, 4, 4, 29, 2, 1, 2, 1, 2, 0, 1]",0,0,"[1.0, 4.0, 0.0, 6.0, 1203.0, 1.0, 1.0, 1.0, 1.0, 0.0, 1.0, 2.0, 19.0, 2.0, 1.0, 1.0, 1.0, 1.0, 1.0, 1.0]",0,False,False,0,0.299,0.78,rf,0.3351861351691465,1.4425930675845733,0.44999999999999996
credit,1,42,1,117,4,"[1, 24, 1, 0, 1193, 1, 1, 1, 1, 1, 4, 4, 29, 2, 1, 2, 1, 2, 0, 1]",0,0,"[1.0, 4.0, 0.0, 0.0, 1188.0, 1.0, 1.0, 1.0, 0.0, 0.0, 3.0, 1.0, 19.0, 2.0, 2.0, 1.0, 1.0, 2.0, 1.0, 0.0]",0,False,False,0,0.297,0.78,rf,0.34350681027463176,1.4717534051373158,0.3999999999999999
credit,1,42,1,125,0,"[1, 36, 2, 2, 3959, 1, 1, 4, 2, 0, 3, 2, 30, 2, 2, 1, 4, 2, 1, 1]",0,1,"[1.0, 15.0, 2.0, 0.0, 3959.0, 1.0, 3.0, 3.0, 1.0, 0.0, 2.0, 2.0, 29.0, 2.0, 2.0, 1.0, 3.0, 2.0, 1.0, 1.0]",0,False,False,0,0.302,0.78,rf,0.19046052631578947,1.2952302631578947,0.6
credit,1,42,1,125,1,"[1, 36, 2, 2, 3959, 1, 1, 4, 2, 0, 3, 2, 30, 2, 2, 1, 4, 2, 1, 1]",0,1,"[1.0, 15.0, 2.0, 0.0, 3959.0, 1.0, 3.0, 3.0, 1.0, 0.0, 2.0, 2.0, 29.0, 2.0, 2.0, 1.0, 3.0, 2.0, 1.0, 1.0]",0,False,False,0,0.279,0.78,rf,0.19046052631578947,1.2952302631578947,0.6
credit,1,42,1,125,2,"[1, 36, 2, 2, 3959, 1, 1, 4, 2, 0, 3, 2, 30, 2, 2, 1, 4, 2, 1, 1]",0,1,"[1.0, 15.0, 2.0, 0.0, 3959.0, 1.0, 3.0, 3.0, 1.0, 0.0, 2.0, 2.0, 29.0, 2.0, 2.0, 1.0, 3.0, 2.0, 1.0, 1.0]",0,False,False,0,0.277,0.78,rf,0.19046052631578947,1.2952302631578947,0.6
credit,1,42,1,125,3,"[1, 36, 2, 2, 3959, 1, 1, 4, 2, 0, 3, 2, 30, 2, 2, 1, 4, 2, 1, 1]",0,1,"[1.0, 15.0, 2.0, 0.0, 3959.0, 1.0, 3.0, 3.0, 1.0, 0.0, 2.0, 2.0, 29.0, 2.0, 2.0, 1.0, 3.0, 2.0, 1.0, 1.0]",0,False,False,0,0.279,0.78,rf,0.19046052631578947,1.2952302631578947,0.6
credit,1,42,1,125,4,"[1, 36, 2, 2, 3959, 1, 1, 4, 2, 0, 3, 2, 30, 2, 2, 1, 4, 2, 1, 1]",0,1,"[1.0, 15.0, 2.0, 0.0, 3959.0, 1.0, 3.0, 3.0, 1.0, 0.0, 2.0, 2.0, 29.0, 2.0, 2.0, 1.0, 3.0, 2.0, 1.0, 1.0]",0,False,False,0,0.28,0.78,rf,0.19046052631578947,1.2952302631578947,0.6
credit,1,42,1,136,0,"[2, 45, 4, 1, 4576, 2, 1, 3, 2, 0, 4, 3, 27, 2, 2, 1, 3, 2, 0, 1]",0,1,"[4.0, 15.0, 2.0, 1.0, 4657.0, 1.0, 3.0, 3.0, 2.0, 0.0, 2.0, 3.0, 30.0, 2.0, 2.0, 1.0, 3.0, 2.0, 1.0, 1.0]",1,False,False,0,0.313,0.78,rf,0.20283664223850764,0.32641832111925384,0.55
credit,1,42,1,136,1,"[2, 45, 4, 1, 4576, 2, 1, 3, 2, 0, 4, 3, 27, 2, 2, 1, 3, 2, 0, 1]",0,1,"[4.0, 15.0, 2.0, 1.0, 4657.0, 1.0, 3.0, 3.0, 2.0, 0.0, 2.0, 3.0, 30.0, 2.0, 2.0, 1.0, 3.0, 2.0, 1.0, 1.0]",1,False,False,0,0.278,0.78,rf,0.20283664223850764,0.32641832111925384,0.55
credit,1,42,1,136,2,"[2, 45, 4, 1, 4576, 2, 1, 3, 2, 0, 4, 3, 27, 2, 2, 1, 3, 2, 0, 1]",0,1,"[4.0, 15.0, 2.0, 1.0, 4657.0, 1.0, 3.0, 3.0, 2.0, 0.0, 2.0, 3.0, 30.0, 2.0, 2.0, 1.0, 3.0, 2.0, 1.0, 1.0]",1,False,False,0,0.276,0.78,rf,0.20283664223850764,0.32641832111925384,0.55
credit,1,42,1,136,3,"[2, 45, 4, 1, 4576, 2, 1, 3, 2, 0, 4, 3, 27, 2, 2, 1, 3, 2, 0, 1]",0,1,"[4.0, 15.0, 2.0, 1.0, 4657.0, 1.0, 3.0, 3.0, 2.0, 0.0, 2.0, 3.0, 30.0, 2.0, 2.0, 1.0, 3.0, 2.0, 1.0, 1.0]",1,False,False,0,0.281,0.78,rf,0.20283664223850764,0.32641832111925384,0.55
credit,1,42,1,136,4,"[2, 45, 4, 1, 4576, 2, 1, 3, 2, 0, 4, 3, 27, 2, 2, 1, 3, 2, 0, 1]",0,1,"[4.0, 15.0, 2.0, 1.0, 4657.0, 1.0, 3.0, 3.0, 2.0, 0.0, 2.0, 3.0, 30.0, 2.0, 2.0, 1.0, 3.0, 2.0, 1.0, 1.0]",1,False,False,0,0.279,0.78,rf,0.20283664223850764,0.32641832111925384,0.55
credit,1,42,1,140,0,"[1, 48, 2, 6, 7476, 1, 4, 4, 2, 0, 1, 4, 50, 2, 3, 1, 4, 2, 1, 1]",0,1,"[1.0, 18.0, 3.0, 4.0, 250.0, 1.0, 1.0, 1.0, 2.0, 0.0, 1.0, 1.0, 19.0, 2.0, 2.0, 1.0, 4.0, 2.0, 1.0, 1.0]",1,False,False,0,0.377,0.78,rf,0.29131998667554965,0.37065999333777483,0.55
credit,1,42,1,140,1,"[1, 48, 2, 6, 7476, 1, 4, 4, 2, 0, 1, 4, 50, 2, 3, 1, 4, 2, 1, 1]",0,1,"[2.0, 48.0, 3.0, 9.0, 7582.0, 2.0, 1.0, 2.0, 2.0, 0.0, 4.0, 4.0, 31.0, 2.0, 2.0, 1.0, 4.0, 2.0, 1.0, 1.0]",1,False,False,0,0.277,0.78,rf,0.2544350210970464,0.3772175105485232,0.5
credit,1,42,1,140,2,"[1, 48, 2, 6, 7476, 1, 4, 4, 2, 0, 1, 4, 50, 2, 3, 1, 4, 2, 1, 1]",0,1,"[2.0, 48.0, 3.0, 9.0, 7582.0, 2.0, 1.0, 2.0, 2.0, 0.0, 4.0, 4.0, 31.0, 2.0, 2.0, 1.0, 4.0, 2.0, 1.0, 1.0]",1,False,False,0,0.276,0.78,rf,0.2544350210970464,0.3772175105485232,0.5
credit,1,42,1,140,3,"[1, 48, 2, 6, 7476, 1, 4, 4, 2, 0, 1, 4, 50, 2, 3, 1, 4, 2, 1, 1]",0,1,"[2.0, 48.0, 3.0, 9.0, 7582.0, 2.0, 1.0, 2.0, 2.0, 0.0, 4.0, 4.0, 31.0, 2.0, 2.0, 1.0, 4.0, 2.0, 1.0, 1.0]",1,False,False,0,0.28,0.78,rf,0.2544350210970464,0.3772175105485232,0.5
credit,1,42,1,140,4,"[1, 48, 2, 6, 7476, 1, 4, 4, 2, 0, 1, 4, 50, 2, 3, 1, 4, 2, 1, 1]",0,1,"[2.0, 48.0, 3.0, 9.0, 7582.0, 2.0, 1.0, 2.0, 2.0, 0.0, 4.0, 4.0, 31.0, 2.0, 2.0, 1.0, 4.0, 2.0, 1.0, 1.0]",1,False,False,0,0.279,0.78,rf,0.2544350210970464,0.3772175105485232,0.5
credit,1,42,1,146,0,"[2, 9, 2, 6, 1199, 1, 4, 4, 1, 0, 4, 2, 67, 2, 2, 2, 4, 2, 1, 1]",0,1,"[2.0, 9.0, 2.0, 6.0, 1199.0, 1.0, 4.0, 4.0, 1.0, 0.0, 4.0, 2.0, 67.0, 2.0, 2.0, 2.0, 4.0, 2.0, 1.0, 1.0]",0,False,False,0,0.287,0.78,rf,0.0,1.0,1.0
credit,1,42,1,146,1,"[2, 9, 2, 6, 1199, 1, 4, 4, 1, 0, 4, 2, 67, 2, 2, 2, 4, 2, 1, 1]",0,1,"[2.0, 9.0, 2.0, 6.0, 1199.0, 1.0, 4.0, 4.0, 1.0, 0.0, 4.0, 2.0, 67.0, 2.0, 2.0, 2.0, 4.0, 2.0, 1.0, 1.0]",0,False,False,0,0.28,0.78,rf,0.0,1.0,1.0
credit,1,42,1,146,2,"[2, 9, 2, 6, 1199, 1, 4, 4, 1, 0, 4, 2, 67, 2, 2, 2, 4, 2, 1, 1]",0,1,"[2.0, 9.0, 2.0, 6.0, 1199.0, 1.0, 4.0, 4.0, 1.0, 0.0, 4.0, 2.0, 67.0, 2.0, 2.0, 2.0, 4.0, 2.0, 1.0, 1.0]",0,False,False,0,0.276,0.78,rf,0.0,1.0,1.0
credit,1,42,1,146,3,"[2, 9, 2, 6, 1199, 1, 4, 4, 1, 0, 4, 2, 67, 2, 2, 2, 4, 2, 1, 1]",0,1,"[2.0, 9.0, 2.0, 6.0, 1199.0, 1.0, 4.0, 4.0, 1.0, 0.0, 4.0, 2.0, 67.0, 2.0, 2.0, 2.0, 4.0, 2.0, 1.0, 1.0]",0,False,False,0,0.276,0.78,rf,0.0,1.0,1.0
credit,1,42,1,146,4,"[2, 9, 2, 6, 1199, 1, 4, 4, 1, 0, 4, 2, 67, 2, 2, 2, 4, 2, 1, 1]",0,1,"[2.0, 9.0, 2.0, 6.0, 1199.0, 1.0, 4.0, 4.0, 1.0, 0.0, 4.0, 2.0, 67.0, 2.0, 2.0, 2.0, 4.0, 2.0, 1.0, 1.0]",0,False,False,0,0.275,0.78,rf,0.0,1.0,1.0
credit,1,42,1,147,0,"[2, 30, 2, 0, 2150, 1, 3, 4, 1, 2, 2, 4, 24, 0, 2, 1, 3, 2, 0, 1]",0,0,"[2.0, 30.0, 2.0, 0.0, 2150.0, 1.0, 3.0, 4.0, 1.0, 2.0, 2.0, 4.0, 24.0, 0.0, 2.0, 1.0, 3.0, 2.0, 0.0, 1.0]",0,False,False,0,0.322,0.78,rf,0.0,1.0,1.0
credit,1,42,1,147,1,"[2, 30, 2, 0, 2150, 1, 3, 4, 1, 2, 2, 4, 24, 0, 2, 1, 3, 2, 0, 1]",0,0,"[2.0, 30.0, 2.0, 0.0, 2150.0, 1.0, 3.0, 4.0, 1.0, 2.0, 2.0, 4.0, 24.0, 0.0, 2.0, 1.0, 3.0, 2.0, 0.0, 1.0]",0,False,False,0,0.293,0.78,rf,0.0,1.0,1.0
credit,1,42,1,147,2,"[2, 30, 2, 0, 2150, 1, 3, 4, 1, 2, 2, 4, 24, 0, 2, 1, 3, 2, 0, 1]",0,0,"[2.0, 30.0, 2.0, 0.0, 2150.0, 1.0, 3.0, 4.0, 1.0, 2.0, 2.0, 4.0, 24.0, 0.0, 2.0, 1.0, 3.0, 2.0, 0.0, 1.0]",0,False,False,0,0.277,0.78,rf,0.0,1.0,1.0
credit,1,42,1,147,3,"[2, 30, 2, 0, 2150, 1, 3, 4, 1, 2, 2, 4, 24, 0, 2, 1, 3, 2, 0, 1]",0,0,"[2.0, 30.0, 2.0, 0.0, 2150.0, 1.0, 3.0, 4.0, 1.0, 2.0, 2.0, 4.0, 24.0, 0.0, 2.0, 1.0, 3.0, 2.0, 0.0, 1.0]",0,False,False,0,0.277,0.78,rf,0.0,1.0,1.0
credit,1,42,1,147,4,"[2, 30, 2, 0, 2150, 1, 3, 4, 1, 2, 2, 4, 24, 0, 2, 1, 3, 2, 0, 1]",0,0,"[2.0, 30.0, 2.0, 0.0, 2150.0, 1.0, 3.0, 4.0, 1.0, 2.0, 2.0, 4.0, 24.0, 0.0, 2.0, 1.0, 3.0, 2.0, 0.0, 1.0]",0,False,False,0,0.277,0.78,rf,0.0,1.0,1.0
credit,1,42,1,150,0,"[1, 36, 2, 0, 1842, 1, 2, 4, 1, 0, 4, 3, 34, 2, 2, 1, 3, 2, 1, 1]",0,0,"[1.0, 12.0, 2.0, 2.0, 1858.0, 1.0, 2.0, 4.0, 1.0, 0.0, 1.0, 3.0, 22.0, 2.0, 1.0, 1.0, 3.0, 2.0, 0.0, 1.0]",0,False,False,0,0.318,0.78,rf,0.2022334887852543,1.2761167443926271,0.6499999999999999
credit,1,42,1,150,1,"[1, 36, 2, 0, 1842, 1, 2, 4, 1, 0, 4, 3, 34, 2, 2, 1, 3, 2, 1, 1]",0,0,"[1.0, 12.0, 2.0, 3.0, 1858.0, 1.0, 2.0, 4.0, 1.0, 2.0, 1.0, 3.0, 19.0, 2.0, 2.0, 1.0, 3.0, 2.0, 0.0, 1.0]",1,False,False,0,0.281,0.78,rf,0.22986506773262272,0.28993253386631135,0.6499999999999999
credit,1,42,1,150,2,"[1, 36, 2, 0, 1842, 1, 2, 4, 1, 0, 4, 3, 34, 2, 2, 1, 3, 2, 1, 1]",0,0,"[1.0, 12.0, 2.0, 2.0, 1858.0, 1.0, 2.0, 4.0, 1.0, 0.0, 1.0, 3.0, 22.0, 2.0, 1.0, 1.0, 3.0, 2.0, 0.0, 1.0]",0,False,False,0,0.277,0.78,rf,0.2022334887852543,1.2761167443926271,0.6499999999999999
credit,1,42,1,150,3,"[1, 36, 2, 0, 1842, 1, 2, 4, 1, 0, 4, 3, 34, 2, 2, 1, 3, 2, 1, 1]",0,0,"[1.0, 12.0, 2.0, 2.0, 1858.0, 1.0, 2.0, 4.0, 1.0, 0.0, 1.0, 3.0, 22.0, 2.0, 1.0, 1.0, 3.0, 2.0, 0.0, 1.0]",0,False,False,0,0.277,0.78,rf,0.2022334887852543,1.2761167443926271,0.6499999999999999
credit,1,42,1,150,4,"[1, 36, 2, 0, 1842, 1, 2, 4, 1, 0, 4, 3, 34, 2, 2, 1, 3, 2, 1, 1]",0,0,"[1.0, 12.0, 2.0, 1.0, 250.0, 1.0, 2.0, 4.0, 1.0, 0.0, 1.0, 3.0, 34.0, 2.0, 2.0, 1.0, 4.0, 2.0, 0.0, 1.0]",0,False,False,0,0.297,0.78,rf,0.18736371308016878,1.2436818565400845,0.7
credit,1,42,1,155,0,"[1, 12, 2, 0, 900, 5, 3, 4, 3, 0, 2, 3, 23, 2, 2, 1, 3, 2, 0, 1]",0,0,"[1.0, 12.0, 2.0, 0.0, 900.0, 5.0, 3.0, 4.0, 3.0, 0.0, 2.0, 3.0, 23.0, 2.0, 2.0, 1.0, 3.0, 2.0, 0.0, 1.0]",0,False,False,0,0.319,0.78,rf,0.0,1.0,1.0
credit,1,42,1,155,1,"[1, 12, 2, 0, 900, 5, 3, 4, 3, 0, 2, 3, 23, 2, 2, 1, 3, 2, 0, 1]",0,0,"[1.0, 12.0, 2.0, 0.0, 900.0, 5.0, 3.0, 4.0, 3.0, 0.0, 2.0, 3.0, 23.0, 2.0, 2.0, 1.0, 3.0, 2.0, 0.0, 1.0]",0,False,False,0,0.286,0.78,rf,0.0,1.0,1.0
credit,1,42,1,155,2,"[1, 12, 2, 0, 900, 5, 3, 4, 3, 0, 2, 3, 23, 2, 2, 1, 3, 2, 0, 1]",0,0,"[1.0, 12.0, 2.0, 0.0, 900.0, 5.0, 3.0, 4.0, 3.0, 0.0, 2.0, 3.0, 23.0, 2.0, 2.0, 1.0, 3.0, 2.0, 0.0, 1.0]",0,False,False,0,0.279,0.78,rf,0.0,1.0,1.0
credit,1,42,1,155,3,"[1, 12, 2, 0, 900, 5, 3, 4, 3, 0, 2, 3, 23, 2, 2, 1, 3, 2, 0, 1]",0,0,"[1.0, 12.0, 2.0, 0.0, 900.0, 5.0, 3.0, 4.0, 3.0, 0.0, 2.0, 3.0, 23.0, 2.0, 2.0, 1.0, 3.0, 2.0, 0.0, 1.0]",0,False,False,0,0.278,0.78,rf,0.0,1.0,1.0
credit,1,42,1,155,4,"[1, 12, 2, 0, 900, 5, 3, 4, 3, 0, 2, 3, 23, 2, 2, 1, 3, 2, 0, 1]",0,0,"[1.0, 12.0, 2.0, 0.0, 900.0, 5.0, 3.0, 4.0, 3.0, 0.0, 2.0, 3.0, 23.0, 2.0, 2.0, 1.0, 3.0, 2.0, 0.0, 1.0]",0,False,False,0,0.279,0.78,rf,0.0,1.0,1.0
credit,1,42,1,156,0,"[1, 24, 2, 0, 1207, 1, 2, 4, 1, 0, 4, 2, 24, 2, 1, 1, 3, 2, 0, 1]",0,0,"[2.0, 24.0, 2.0, 0.0, 1201.0, 1.0, 2.0, 4.0, 2.0, 0.0, 1.0, 2.0, 26.0, 2.0, 2.0, 1.0, 3.0, 2.0, 0.0, 1.0]",1,False,False,0,0.279,0.78,rf,0.14343624250499667,0.22171812125249835,0.7
credit,1,42,1,156,1,"[1, 24, 2, 0, 1207, 1, 2, 4, 1, 0, 4, 2, 24, 2, 1, 1, 3, 2, 0, 1]",0,0,"[2.0, 24.0, 2.0, 0.0, 1201.0, 1.0, 2.0, 4.0, 2.0, 0.0, 1.0, 2.0, 26.0, 2.0, 2.0, 1.0, 3.0, 2.0, 0.0, 1.0]",1,False,False,0,0.276,0.78,rf,0.14343624250499667,0.22171812125249835,0.7
credit,1,42,1,156,2,"[1, 24, 2, 0, 1207, 1, 2, 4, 1, 0, 4, 2, 24, 2, 1, 1, 3, 2, 0, 1]",0,0,"[1.0, 21.0, 2.0, 8.0, 1188.0, 1.0, 3.0, 4.0, 1.0, 0.0, 4.0, 2.0, 39.0, 2.0, 2.0, 1.0, 3.0, 2.0, 0.0, 1.0]",0,False,False,0,0.296,0.78,rf,0.10278932933599823,1.2013946646679992,0.7
credit,1,42,1,156,3,"[1, 24, 2, 0, 1207, 1, 2, 4, 1, 0, 4, 2, 24, 2, 1, 1, 3, 2, 0, 1]",0,0,"[2.0, 24.0, 2.0, 0.0, 1201.0, 1.0, 2.0, 4.0, 2.0, 0.0, 1.0, 2.0, 26.0, 2.0, 2.0, 1.0, 3.0, 2.0, 0.0, 1.0]",1,False,False,0,0.275,0.78,rf,0.14343624250499667,0.22171812125249835,0.7
credit,1,42,1,156,4,"[1, 24, 2, 0, 1207, 1, 2, 4, 1, 0, 4, 2, 24, 2, 1, 1, 3, 2, 0, 1]",0,0,"[2.0, 24.0, 2.0, 0.0, 1201.0, 1.0, 2.0, 4.0, 2.0, 0.0, 1.0, 2.0, 26.0, 2.0, 2.0, 1.0, 3.0, 2.0, 0.0, 1.0]",1,False,False,0,0.279,0.78,rf,0.14343624250499667,0.22171812125249835,0.7
credit,1,42,1,159,0,"[1, 36, 3, 6, 6887, 1, 3, 4, 2, 0, 3, 2, 29, 1, 2, 1, 3, 2, 1, 1]",0,0,"[2.0, 24.0, 3.0, 8.0, 6967.0, 2.0, 4.0, 4.0, 2.0, 0.0, 4.0, 3.0, 36.0, 2.0, 1.0, 1.0, 4.0, 2.0, 1.0, 1.0]",1,False,False,0,0.292,0.78,rf,0.23134288252276258,0.41567144126138134,0.3999999999999999
credit,1,42,1,159,1,"[1, 36, 3, 6, 6887, 1, 3, 4, 2, 0, 3, 2, 29, 1, 2, 1, 3, 2, 1, 1]",0,0,"[2.0, 24.0, 3.0, 8.0, 6967.0, 2.0, 4.0, 4.0, 2.0, 0.0, 4.0, 3.0, 36.0, 2.0, 1.0, 1.0, 4.0, 2.0, 1.0, 1.0]",1,False,False,0,0.27,0.78,rf,0.23134288252276258,0.41567144126138134,0.3999999999999999
credit,1,42,1,159,2,"[1, 36, 3, 6, 6887, 1, 3, 4, 2, 0, 3, 2, 29, 1, 2, 1, 3, 2, 1, 1]",0,0,"[2.0, 24.0, 3.0, 8.0, 6967.0, 2.0, 4.0, 4.0, 2.0, 0.0, 4.0, 3.0, 36.0, 2.0, 1.0, 1.0, 4.0, 2.0, 1.0, 1.0]",1,False,False,0,0.28,0.78,rf,0.23134288252276258,0.41567144126138134,0.3999999999999999
credit,1,42,1,159,3,"[1, 36, 3, 6, 6887, 1, 3, 4, 2, 0, 3, 2, 29, 1, 2, 1, 3, 2, 1, 1]",0,0,"[1.0, 24.0, 3.0, 2.0, 250.0, 1.0, 4.0, 4.0, 2.0, 0.0, 4.0, 1.0, 19.0, 1.0, 1.0, 1.0, 4.0, 2.0, 1.0, 0.0]",1,False,False,0,0.332,0.78,rf,0.22140779480346434,0.36070389740173214,0.5
credit,1,42,1,159,4,"[1, 36, 3, 6, 6887, 1, 3, 4, 2, 0, 3, 2, 29, 1, 2, 1, 3, 2, 1, 1]",0,0,"[2.0, 24.0, 3.0, 8.0, 6967.0, 2.0, 4.0, 4.0, 2.0, 0.0, 4.0, 3.0, 36.0, 2.0, 1.0, 1.0, 4.0, 2.0, 1.0, 1.0]",1,False,False,0,0.27,0.78,rf,0.23134288252276258,0.41567144126138134,0.3999999999999999
credit,1,42,1,160,0,"[1, 24, 2, 3, 1938, 1, 2, 4, 0, 0, 3, 2, 32, 2, 2, 1, 3, 2, 0, 1]",0,0,"[1.0, 24.0, 2.0, 3.0, 1938.0, 1.0, 2.0, 4.0, 0.0, 0.0, 3.0, 2.0, 32.0, 2.0, 2.0, 1.0, 3.0, 2.0, 0.0, 1.0]",0,False,False,0,0.286,0.78,rf,0.0,1.0,1.0
credit,1,42,1,160,1,"[1, 24, 2, 3, 1938, 1, 2, 4, 0, 0, 3, 2, 32, 2, 2, 1, 3, 2, 0, 1]",0,0,"[1.0, 24.0, 2.0, 3.0, 1938.0, 1.0, 2.0, 4.0, 0.0, 0.0, 3.0, 2.0, 32.0, 2.0, 2.0, 1.0, 3.0, 2.0, 0.0, 1.0]",0,False,False,0,0.278,0.78,rf,0.0,1.0,1.0
credit,1,42,1,160,2,"[1, 24, 2, 3, 1938, 1, 2, 4, 0, 0, 3, 2, 32, 2, 2, 1, 3, 2, 0, 1]",0,0,"[1.0, 24.0, 2.0, 3.0, 1938.0, 1.0, 2.0, 4.0, 0.0, 0.0, 3.0, 2.0, 32.0, 2.0, 2.0, 1.0, 3.0, 2.0, 0.0, 1.0]",0,False,False,0,0.273,0.78,rf,0.0,1.0,1.0
credit,1,42,1,160,3,"[1, 24, 2, 3, 1938, 1, 2, 4, 0, 0, 3, 2, 32, 2, 2, 1, 3, 2, 0, 1]",0,0,"[1.0, 24.0, 2.0, 3.0, 1938.0, 1.0, 2.0, 4.0, 0.0, 0.0, 3.0, 2.0, 32.0, 2.0, 2.0, 1.0, 3.0, 2.0, 0.0, 1.0]",0,False,False,0,0.273,0.78,rf,0.0,1.0,1.0
credit,1,42,1,160,4,"[1, 24, 2, 3, 1938, 1, 2, 4, 0, 0, 3, 2, 32, 2, 2, 1, 3, 2, 0, 1]",0,0,"[1.0, 24.0, 2.0, 3.0, 1938.0, 1.0, 2.0, 4.0, 0.0, 0.0, 3.0, 2.0, 32.0, 2.0, 2.0, 1.0, 3.0, 2.0, 0.0, 1.0]",0,False,False,0,0.274,0.78,rf,0.0,1.0,1.0
credit,1,42,1,164,0,"[1, 48, 2, 0, 3931, 1, 4, 4, 2, 0, 4, 4, 46, 2, 3, 1, 3, 1, 0, 1]",0,0,"[2.0, 27.0, 2.0, 8.0, 3915.0, 1.0, 3.0, 4.0, 2.0, 0.0, 2.0, 3.0, 36.0, 2.0, 2.0, 1.0, 3.0, 1.0, 1.0, 1.0]",0,False,False,0,0.276,0.78,rf,0.22756243615367533,1.3637812180768376,0.5
credit,1,42,1,164,1,"[1, 48, 2, 0, 3931, 1, 4, 4, 2, 0, 4, 4, 46, 2, 3, 1, 3, 1, 0, 1]",0,0,"[2.0, 27.0, 2.0, 8.0, 3915.0, 1.0, 3.0, 4.0, 2.0, 0.0, 2.0, 3.0, 36.0, 2.0, 2.0, 1.0, 3.0, 1.0, 1.0, 1.0]",0,False,False,0,0.276,0.78,rf,0.22756243615367533,1.3637812180768376,0.5
credit,1,42,1,164,2,"[1, 48, 2, 0, 3931, 1, 4, 4, 2, 0, 4, 4, 46, 2, 3, 1, 3, 1, 0, 1]",0,0,"[2.0, 27.0, 2.0, 8.0, 3915.0, 1.0, 3.0, 4.0, 2.0, 0.0, 2.0, 3.0, 36.0, 2.0, 2.0, 1.0, 3.0, 1.0, 1.0, 1.0]",0,False,False,0,0.275,0.78,rf,0.22756243615367533,1.3637812180768376,0.5
credit,1,42,1,164,3,"[1, 48, 2, 0, 3931, 1, 4, 4, 2, 0, 4, 4, 46, 2, 3, 1, 3, 1, 0, 1]",0,0,"[2.0, 27.0, 2.0, 8.0, 3915.0, 1.0, 3.0, 4.0, 2.0, 0.0, 2.0, 3.0, 36.0, 2.0, 2.0, 1.0, 3.0, 1.0, 1.0, 1.0]",0,False,False,0,0.276,0.78,rf,0.22756243615367533,1.3637812180768376,0.5
credit,1,42,1,164,4,"[1, 48, 2, 0, 3931, 1, 4, 4, 2, 0, 4, 4, 46, 2, 3, 1, 3, 1, 0, 1]",0,0,"[1.0, 15.0, 2.0, 0.0, 3915.0, 1.0, 3.0, 4.0, 1.0, 2.0, 2.0, 3.0, 29.0, 2.0, 2.0, 1.0, 3.0, 1.0, 1.0, 1.0]",1,False,False,0,0.275,0.78,rf,0.275369453697535,0.38768472684876754,0.5
credit,1,42,1,166,0,"[2, 12, 2, 0, 1295, 1, 2, 3, 1, 0, 1, 3, 25, 2, 1, 1, 3, 2, 0, 1]",0,0,"[2.0, 12.0, 2.0, 0.0, 1295.0, 1.0, 2.0, 3.0, 1.0, 0.0, 1.0, 3.0, 25.0, 2.0, 1.0, 1.0, 3.0, 2.0, 0.0, 1.0]",0,False,False,0,0.29,0.78,rf,0.0,1.0,1.0
credit,1,42,1,166,1,"[2, 12, 2, 0, 1295, 1, 2, 3, 1, 0, 1, 3, 25, 2, 1, 1, 3, 2, 0, 1]",0,0,"[2.0, 12.0, 2.0, 0.0, 1295.0, 1.0, 2.0, 3.0, 1.0, 0.0, 1.0, 3.0, 25.0, 2.0, 1.0, 1.0, 3.0, 2.0, 0.0, 1.0]",0,False,False,0,0.277,0.78,rf,0.0,1.0,1.0
credit,1,42,1,166,2,"[2, 12, 2, 0, 1295, 1, 2, 3, 1, 0, 1, 3, 25, 2, 1, 1, 3, 2, 0, 1]",0,0,"[2.0, 12.0, 2.0, 0.0, 1295.0, 1.0, 2.0, 3.0, 1.0, 0.0, 1.0, 3.0, 25.0, 2.0, 1.0, 1.0, 3.0, 2.0, 0.0, 1.0]",0,False,False,0,0.276,0.78,rf,0.0,1.0,1.0
credit,1,42,1,166,3,"[2, 12, 2, 0, 1295, 1, 2, 3, 1, 0, 1, 3, 25, 2, 1, 1, 3, 2, 0, 1]",0,0,"[2.0, 12.0, 2.0, 0.0, 1295.0, 1.0, 2.0, 3.0, 1.0, 0.0, 1.0, 3.0, 25.0, 2.0, 1.0, 1.0, 3.0, 2.0, 0.0, 1.0]",0,False,False,0,0.277,0.78,rf,0.0,1.0,1.0
credit,1,42,1,166,4,"[2, 12, 2, 0, 1295, 1, 2, 3, 1, 0, 1, 3, 25, 2, 1, 1, 3, 2, 0, 1]",0,0,"[2.0, 12.0, 2.0, 0.0, 1295.0, 1.0, 2.0, 3.0, 1.0, 0.0, 1.0, 3.0, 25.0, 2.0, 1.0, 1.0, 3.0, 2.0, 0.0, 1.0]",0,False,False,0,0.278,0.78,rf,0.0,1.0,1.0
credit,1,42,1,167,0,"[1, 48, 2, 4, 3051, 1, 3, 3, 2, 0, 4, 3, 54, 2, 2, 1, 3, 2, 0, 1]",0,0,"[4.0, 12.0, 2.0, 3.0, 3077.0, 1.0, 3.0, 2.0, 2.0, 0.0, 4.0, 3.0, 52.0, 2.0, 2.0, 1.0, 3.0, 2.0, 1.0, 1.0]",1,False,False,0,0.307,0.78,rf,0.1934868754163891,0.27174343770819454,0.6499999999999999
credit,1,42,1,167,1,"[1, 48, 2, 4, 3051, 1, 3, 3, 2, 0, 4, 3, 54, 2, 2, 1, 3, 2, 0, 1]",0,0,"[4.0, 12.0, 2.0, 3.0, 3077.0, 1.0, 3.0, 2.0, 2.0, 0.0, 4.0, 3.0, 52.0, 2.0, 2.0, 1.0, 3.0, 2.0, 1.0, 1.0]",1,False,False,0,0.294,0.78,rf,0.1934868754163891,0.27174343770819454,0.6499999999999999
credit,1,42,1,167,2,"[1, 48, 2, 4, 3051, 1, 3, 3, 2, 0, 4, 3, 54, 2, 2, 1, 3, 2, 0, 1]",0,0,"[4.0, 12.0, 2.0, 3.0, 3077.0, 1.0, 3.0, 2.0, 2.0, 0.0, 4.0, 3.0, 52.0, 2.0, 2.0, 1.0, 3.0, 2.0, 1.0, 1.0]",1,False,False,0,0.293,0.78,rf,0.1934868754163891,0.27174343770819454,0.6499999999999999
credit,1,42,1,167,3,"[1, 48, 2, 4, 3051, 1, 3, 3, 2, 0, 4, 3, 54, 2, 2, 1, 3, 2, 0, 1]",0,0,"[4.0, 12.0, 2.0, 3.0, 3077.0, 1.0, 3.0, 2.0, 2.0, 0.0, 4.0, 3.0, 52.0, 2.0, 2.0, 1.0, 3.0, 2.0, 1.0, 1.0]",1,False,False,0,0.293,0.78,rf,0.1934868754163891,0.27174343770819454,0.6499999999999999
credit,1,42,1,167,4,"[1, 48, 2, 4, 3051, 1, 3, 3, 2, 0, 4, 3, 54, 2, 2, 1, 3, 2, 0, 1]",0,0,"[4.0, 12.0, 2.0, 3.0, 3077.0, 1.0, 3.0, 2.0, 2.0, 0.0, 4.0, 3.0, 52.0, 2.0, 2.0, 1.0, 3.0, 2.0, 1.0, 1.0]",1,False,False,0,0.295,0.78,rf,0.1934868754163891,0.27174343770819454,0.6499999999999999
credit,1,42,1,168,0,"[2, 30, 4, 0, 4249, 1, 1, 4, 3, 0, 2, 3, 28, 2, 2, 2, 4, 2, 0, 1]",0,0,"[2.0, 30.0, 0.0, 8.0, 4221.0, 1.0, 3.0, 2.0, 1.0, 0.0, 1.0, 3.0, 28.0, 2.0, 2.0, 2.0, 3.0, 2.0, 0.0, 1.0]",1,False,False,0,0.286,0.78,rf,0.24173755274261605,0.32086877637130806,0.6
credit,1,42,1,168,1,"[2, 30, 4, 0, 4249, 1, 1, 4, 3, 0, 2, 3, 28, 2, 2, 2, 4, 2, 0, 1]",0,0,"[2.0, 30.0, 0.0, 8.0, 4221.0, 1.0, 3.0, 2.0, 1.0, 0.0, 1.0, 3.0, 28.0, 2.0, 2.0, 2.0, 3.0, 2.0, 0.0, 1.0]",1,False,False,0,0.276,0.78,rf,0.24173755274261605,0.32086877637130806,0.6
credit,1,42,1,168,2,"[2, 30, 4, 0, 4249, 1, 1, 4, 3, 0, 2, 3, 28, 2, 2, 2, 4, 2, 0, 1]",0,0,"[2.0, 30.0, 0.0, 8.0, 4221.0, 1.0, 3.0, 2.0, 1.0, 0.0, 1.0, 3.0, 28.0, 2.0, 2.0, 2.0, 3.0, 2.0, 0.0, 1.0]",1,False,False,0,0.275,0.78,rf,0.24173755274261605,0.32086877637130806,0.6
credit,1,42,1,168,3,"[2, 30, 4, 0, 4249, 1, 1, 4, 3, 0, 2, 3, 28, 2, 2, 2, 4, 2, 0, 1]",0,0,"[2.0, 30.0, 0.0, 8.0, 4221.0, 1.0, 3.0, 2.0, 1.0, 0.0, 1.0, 3.0, 28.0, 2.0, 2.0, 2.0, 3.0, 2.0, 0.0, 1.0]",1,False,False,0,0.276,0.78,rf,0.24173755274261605,0.32086877637130806,0.6
credit,1,42,1,168,4,"[2, 30, 4, 0, 4249, 1, 1, 4, 3, 0, 2, 3, 28, 2, 2, 2, 4, 2, 0, 1]",0,0,"[2.0, 30.0, 0.0, 8.0, 4221.0, 1.0, 3.0, 2.0, 1.0, 0.0, 1.0, 3.0, 28.0, 2.0, 2.0, 2.0, 3.0, 2.0, 0.0, 1.0]",1,False,False,0,0.283,0.78,rf,0.24173755274261605,0.32086877637130806,0.6
credit,1,42,1,171,0,"[1, 24, 2, 0, 3123, 1, 2, 4, 1, 0, 1, 2, 27, 2, 2, 1, 3, 2, 0, 1]",0,0,"[1.0, 24.0, 2.0, 0.0, 3123.0, 1.0, 2.0, 4.0, 1.0, 0.0, 1.0, 2.0, 27.0, 2.0, 2.0, 1.0, 3.0, 2.0, 0.0, 1.0]",0,False,False,0,0.288,0.78,rf,0.0,1.0,1.0
credit,1,42,1,171,1,"[1, 24, 2, 0, 3123, 1, 2, 4, 1, 0, 1, 2, 27, 2, 2, 1, 3, 2, 0, 1]",0,0,"[1.0, 24.0, 2.0, 0.0, 3123.0, 1.0, 2.0, 4.0, 1.0, 0.0, 1.0, 2.0, 27.0, 2.0, 2.0, 1.0, 3.0, 2.0, 0.0, 1.0]",0,False,False,0,0.28,0.78,rf,0.0,1.0,1.0
credit,1,42,1,171,2,"[1, 24, 2, 0, 3123, 1, 2, 4, 1, 0, 1, 2, 27, 2, 2, 1, 3, 2, 0, 1]",0,0,"[1.0, 24.0, 2.0, 0.0, 3123.0, 1.0, 2.0, 4.0, 1.0, 0.0, 1.0, 2.0, 27.0, 2.0, 2.0, 1.0, 3.0, 2.0, 0.0, 1.0]",0,False,False,0,0.277,0.78,rf,0.0,1.0,1.0
credit,1,42,1,171,3,"[1, 24, 2, 0, 3123, 1, 2, 4, 1, 0, 1, 2, 27, 2, 2, 1, 3, 2, 0, 1]",0,0,"[1.0, 24.0, 2.0, 0.0, 3123.0, 1.0, 2.0, 4.0, 1.0, 0.0, 1.0, 2.0, 27.0, 2.0, 2.0, 1.0, 3.0, 2.0, 0.0, 1.0]",0,False,False,0,0.277,0.78,rf,0.0,1.0,1.0
credit,1,42,1,171,4,"[1, 24, 2, 0, 3123, 1, 2, 4, 1, 0, 1, 2, 27, 2, 2, 1, 3, 2, 0, 1]",0,0,"[1.0, 24.0, 2.0, 0.0, 3123.0, 1.0, 2.0, 4.0, 1.0, 0.0, 1.0, 2.0, 27.0, 2.0, 2.0, 1.0, 3.0, 2.0, 0.0, 1.0]",0,False,False,0,0.277,0.78,rf,0.0,1.0,1.0
credit,1,42,1,172,0,"[2, 60, 2, 0, 14027, 1, 4, 4, 2, 0, 2, 4, 27, 2, 2, 1, 4, 2, 1, 1]",0,0,"[4.0, 60.0, 2.0, 0.0, 10366.0, 1.0, 5.0, 2.0, 2.0, 0.0, 4.0, 2.0, 42.0, 2.0, 2.0, 1.0, 4.0, 2.0, 1.0, 1.0]",1,False,False,0,0.279,0.78,rf,0.16825958250055517,0.2591297912502776,0.6499999999999999
credit,1,42,1,172,1,"[2, 60, 2, 0, 14027, 1, 4, 4, 2, 0, 2, 4, 27, 2, 2, 1, 4, 2, 1, 1]",0,0,"[4.0, 60.0, 2.0, 0.0, 10366.0, 1.0, 5.0, 2.0, 2.0, 0.0, 4.0, 2.0, 42.0, 2.0, 2.0, 1.0, 4.0, 2.0, 1.0, 1.0]",1,False,False,0,0.275,0.78,rf,0.16825958250055517,0.2591297912502776,0.6499999999999999
credit,1,42,1,172,2,"[2, 60, 2, 0, 14027, 1, 4, 4, 2, 0, 2, 4, 27, 2, 2, 1, 4, 2, 1, 1]",0,0,"[4.0, 60.0, 2.0, 0.0, 10366.0, 1.0, 5.0, 2.0, 2.0, 0.0, 4.0, 2.0, 42.0, 2.0, 2.0, 1.0, 4.0, 2.0, 1.0, 1.0]",1,False,False,0,0.285,0.78,rf,0.16825958250055517,0.2591297912502776,0.6499999999999999
credit,1,42,1,172,3,"[2, 60, 2, 0, 14027, 1, 4, 4, 2, 0, 2, 4, 27, 2, 2, 1, 4, 2, 1, 1]",0,0,"[4.0, 60.0, 2.0, 0.0, 10366.0, 1.0, 5.0, 2.0, 2.0, 0.0, 4.0, 2.0, 42.0, 2.0, 2.0, 1.0, 4.0, 2.0, 1.0, 1.0]",1,False,False,0,0.277,0.78,rf,0.16825958250055517,0.2591297912502776,0.6499999999999999
credit,1,42,1,172,4,"[2, 60, 2, 0, 14027, 1, 4, 4, 2, 0, 2, 4, 27, 2, 2, 1, 4, 2, 1, 1]",0,0,"[4.0, 60.0, 2.0, 0.0, 10366.0, 1.0, 5.0, 2.0, 2.0, 0.0, 4.0, 2.0, 42.0, 2.0, 2.0, 1.0, 4.0, 2.0, 1.0, 1.0]",1,False,False,0,0.276,0.78,rf,0.16825958250055517,0.2591297912502776,0.6499999999999999
credit,1,42,1,176,0,"[1, 30, 2, 2, 2406, 1, 4, 4, 1, 0, 4, 1, 23, 2, 1, 1, 3, 2, 0, 1]",0,0,"[1.0, 24.0, 2.0, 3.0, 2439.0, 1.0, 2.0, 4.0, 1.0, 0.0, 4.0, 1.0, 35.0, 2.0, 2.0, 1.0, 3.0, 2.0, 1.0, 1.0]",0,False,False,0,0.279,0.78,rf,0.1647765267599378,1.257388263379969,0.6499999999999999
credit,1,42,1,176,1,"[1, 30, 2, 2, 2406, 1, 4, 4, 1, 0, 4, 1, 23, 2, 1, 1, 3, 2, 0, 1]",0,0,"[1.0, 24.0, 2.0, 3.0, 2439.0, 1.0, 2.0, 4.0, 1.0, 0.0, 4.0, 1.0, 35.0, 2.0, 2.0, 1.0, 3.0, 2.0, 1.0, 1.0]",0,False,False,0,0.277,0.78,rf,0.1647765267599378,1.257388263379969,0.6499999999999999
credit,1,42,1,176,2,"[1, 30, 2, 2, 2406, 1, 4, 4, 1, 0, 4, 1, 23, 2, 1, 1, 3, 2, 0, 1]",0,0,"[1.0, 24.0, 2.0, 3.0, 2439.0, 1.0, 2.0, 4.0, 1.0, 0.0, 4.0, 1.0, 35.0, 2.0, 2.0, 1.0, 3.0, 2.0, 1.0, 1.0]",0,False,False,0,0.276,0.78,rf,0.1647765267599378,1.257388263379969,0.6499999999999999
credit,1,42,1,176,3,"[1, 30, 2, 2, 2406, 1, 4, 4, 1, 0, 4, 1, 23, 2, 1, 1, 3, 2, 0, 1]",0,0,"[1.0, 24.0, 2.0, 3.0, 2439.0, 1.0, 2.0, 4.0, 1.0, 0.0, 4.0, 1.0, 35.0, 2.0, 2.0, 1.0, 3.0, 2.0, 1.0, 1.0]",0,False,False,0,0.278,0.78,rf,0.1647765267599378,1.257388263379969,0.6499999999999999
credit,1,42,1,176,4,"[1, 30, 2, 2, 2406, 1, 4, 4, 1, 0, 4, 1, 23, 2, 1, 1, 3, 2, 0, 1]",0,0,"[1.0, 4.0, 2.0, 3.0, 250.0, 1.0, 2.0, 4.0, 1.0, 0.0, 4.0, 1.0, 19.0, 2.0, 1.0, 1.0, 3.0, 1.0, 0.0, 1.0]",0,False,False,0,0.277,0.78,rf,0.1520225553334814,1.2260112776667407,0.7
credit,1,42,1,178,0,"[1, 24, 3, 0, 4870, 1, 3, 3, 2, 0, 4, 4, 53, 2, 3, 2, 3, 1, 0, 1]",0,0,"[1.0, 24.0, 3.0, 0.0, 4870.0, 1.0, 3.0, 3.0, 2.0, 0.0, 4.0, 4.0, 53.0, 2.0, 3.0, 2.0, 3.0, 1.0, 0.0, 1.0]",0,False,False,0,0.28,0.78,rf,0.0,1.0,1.0
credit,1,42,1,178,1,"[1, 24, 3, 0, 4870, 1, 3, 3, 2, 0, 4, 4, 53, 2, 3, 2, 3, 1, 0, 1]",0,0,"[1.0, 24.0, 3.0, 0.0, 4870.0, 1.0, 3.0, 3.0, 2.0, 0.0, 4.0, 4.0, 53.0, 2.0, 3.0, 2.0, 3.0, 1.0, 0.0, 1.0]",0,False,False,0,0.278,0.78,rf,0.0,1.0,1.0
credit,1,42,1,178,2,"[1, 24, 3, 0, 4870, 1, 3, 3, 2, 0, 4, 4, 53, 2, 3, 2, 3, 1, 0, 1]",0,0,"[1.0, 24.0, 3.0, 0.0, 4870.0, 1.0, 3.0, 3.0, 2.0, 0.0, 4.0, 4.0, 53.0, 2.0, 3.0, 2.0, 3.0, 1.0, 0.0, 1.0]",0,False,False,0,0.289,0.78,rf,0.0,1.0,1.0
credit,1,42,1,178,3,"[1, 24, 3, 0, 4870, 1, 3, 3, 2, 0, 4, 4, 53, 2, 3, 2, 3, 1, 0, 1]",0,0,"[1.0, 24.0, 3.0, 0.0, 4870.0, 1.0, 3.0, 3.0, 2.0, 0.0, 4.0, 4.0, 53.0, 2.0, 3.0, 2.0, 3.0, 1.0, 0.0, 1.0]",0,False,False,0,0.281,0.78,rf,0.0,1.0,1.0
credit,1,42,1,178,4,"[1, 24, 3, 0, 4870, 1, 3, 3, 2, 0, 4, 4, 53, 2, 3, 2, 3, 1, 0, 1]",0,0,"[1.0, 24.0, 3.0, 0.0, 4870.0, 1.0, 3.0, 3.0, 2.0, 0.0, 4.0, 4.0, 53.0, 2.0, 3.0, 2.0, 3.0, 1.0, 0.0, 1.0]",0,False,False,0,0.278,0.78,rf,0.0,1.0,1.0
credit,1,42,1,179,0,"[2, 12, 0, 2, 2969, 1, 2, 4, 1, 0, 3, 2, 25, 2, 1, 2, 3, 2, 0, 1]",0,0,"[2.0, 18.0, 2.0, 2.0, 3001.0, 1.0, 4.0, 2.0, 1.0, 0.0, 4.0, 1.0, 40.0, 2.0, 1.0, 1.0, 3.0, 2.0, 0.0, 1.0]",1,False,False,0,0.278,0.78,rf,0.15073890739506998,0.300369453697535,0.55
credit,1,42,1,179,1,"[2, 12, 0, 2, 2969, 1, 2, 4, 1, 0, 3, 2, 25, 2, 1, 2, 3, 2, 0, 1]",0,0,"[2.0, 18.0, 2.0, 2.0, 3001.0, 1.0, 4.0, 2.0, 1.0, 0.0, 4.0, 1.0, 40.0, 2.0, 1.0, 1.0, 3.0, 2.0, 0.0, 1.0]",1,False,False,0,0.276,0.78,rf,0.15073890739506998,0.300369453697535,0.55
credit,1,42,1,179,2,"[2, 12, 0, 2, 2969, 1, 2, 4, 1, 0, 3, 2, 25, 2, 1, 2, 3, 2, 0, 1]",0,0,"[1.0, 12.0, 0.0, 2.0, 2930.0, 1.0, 1.0, 4.0, 1.0, 0.0, 1.0, 1.0, 20.0, 0.0, 1.0, 2.0, 1.0, 2.0, 0.0, 0.0]",1,False,False,0,0.276,0.78,rf,0.21698469908949589,0.33349234954474793,0.55
credit,1,42,1,179,3,"[2, 12, 0, 2, 2969, 1, 2, 4, 1, 0, 3, 2, 25, 2, 1, 2, 3, 2, 0, 1]",0,0,"[2, 12, 0, 2, 2969, 1, 2, 4, 1, 0, 3, 2, 25, 2, 1, 2, 3, 2, 0, 1]",0,False,False,0,7.504,0.78,rf,0.0,1.0,1.0
credit,1,42,1,179,4,"[2, 12, 0, 2, 2969, 1, 2, 4, 1, 0, 3, 2, 25, 2, 1, 2, 3, 2, 0, 1]",0,0,"[2.0, 18.0, 2.0, 2.0, 3001.0, 1.0, 4.0, 2.0, 1.0, 0.0, 4.0, 1.0, 40.0, 2.0, 1.0, 1.0, 3.0, 2.0, 0.0, 1.0]",1,False,False,0,0.204,0.78,rf,0.15073890739506998,0.300369453697535,0.55
credit,1,42,1,180,0,"[1, 48, 4, 1, 6331, 1, 5, 4, 2, 0, 4, 4, 46, 2, 3, 2, 3, 2, 1, 1]",0,0,"[1.0, 24.0, 4.0, 1.0, 6419.0, 1.0, 5.0, 2.0, 1.0, 0.0, 4.0, 4.0, 44.0, 2.0, 3.0, 2.0, 4.0, 1.0, 1.0, 1.0]",1,False,False,0,0.278,0.78,rf,0.16864383744170555,0.2593219187208528,0.6499999999999999
credit,1,42,1,180,1,"[1, 48, 4, 1, 6331, 1, 5, 4, 2, 0, 4, 4, 46, 2, 3, 2, 3, 2, 1, 1]",0,0,"[1.0, 24.0, 4.0, 1.0, 6419.0, 1.0, 5.0, 2.0, 1.0, 0.0, 4.0, 4.0, 44.0, 2.0, 3.0, 2.0, 4.0, 1.0, 1.0, 1.0]",1,False,False,0,0.275,0.78,rf,0.16864383744170555,0.2593219187208528,0.6499999999999999
credit,1,42,1,180,2,"[1, 48, 4, 1, 6331, 1, 5, 4, 2, 0, 4, 4, 46, 2, 3, 2, 3, 2, 1, 1]",0,0,"[1.0, 24.0, 4.0, 1.0, 6419.0, 1.0, 5.0, 2.0, 1.0, 0.0, 4.0, 4.0, 44.0, 2.0, 3.0, 2.0, 4.0, 1.0, 1.0, 1.0]",1,False,False,0,0.285,0.78,rf,0.16864383744170555,0.2593219187208528,0.6499999999999999
credit,1,42,1,180,3,"[1, 48, 4, 1, 6331, 1, 5, 4, 2, 0, 4, 4, 46, 2, 3, 2, 3, 2, 1, 1]",0,0,"[1.0, 24.0, 4.0, 1.0, 6419.0, 1.0, 5.0, 2.0, 1.0, 0.0, 4.0, 4.0, 44.0, 2.0, 3.0, 2.0, 4.0, 1.0, 1.0, 1.0]",1,False,False,0,0.274,0.78,rf,0.16864383744170555,0.2593219187208528,0.6499999999999999
credit,1,42,1,180,4,"[1, 48, 4, 1, 6331, 1, 5, 4, 2, 0, 4, 4, 46, 2, 3, 2, 3, 2, 1, 1]",0,0,"[1.0, 24.0, 4.0, 1.0, 6419.0, 1.0, 5.0, 2.0, 1.0, 0.0, 4.0, 4.0, 44.0, 2.0, 3.0, 2.0, 4.0, 1.0, 1.0, 1.0]",1,False,False,0,0.272,0.78,rf,0.16864383744170555,0.2593219187208528,0.6499999999999999
credit,1,42,1,181,0,"[1, 48, 2, 1, 10297, 1, 4, 4, 2, 0, 4, 4, 39, 2, 3, 3, 3, 1, 1, 1]",0,0,"[1.0, 30.0, 4.0, 1.0, 10623.0, 1.0, 5.0, 3.0, 2.0, 0.0, 4.0, 4.0, 38.0, 2.0, 3.0, 3.0, 4.0, 1.0, 1.0, 1.0]",1,False,False,0,0.281,0.78,rf,0.08503584277148568,0.21751792138574286,0.6499999999999999
credit,1,42,1,181,1,"[1, 48, 2, 1, 10297, 1, 4, 4, 2, 0, 4, 4, 39, 2, 3, 3, 3, 1, 1, 1]",0,0,"[1.0, 30.0, 4.0, 1.0, 10623.0, 1.0, 5.0, 3.0, 2.0, 0.0, 4.0, 4.0, 38.0, 2.0, 3.0, 3.0, 4.0, 1.0, 1.0, 1.0]",1,False,False,0,0.275,0.78,rf,0.08503584277148568,0.21751792138574286,0.6499999999999999
credit,1,42,1,181,2,"[1, 48, 2, 1, 10297, 1, 4, 4, 2, 0, 4, 4, 39, 2, 3, 3, 3, 1, 1, 1]",0,0,"[1.0, 30.0, 4.0, 1.0, 10623.0, 1.0, 5.0, 3.0, 2.0, 0.0, 4.0, 4.0, 38.0, 2.0, 3.0, 3.0, 4.0, 1.0, 1.0, 1.0]",1,False,False,0,0.285,0.78,rf,0.08503584277148568,0.21751792138574286,0.6499999999999999
credit,1,42,1,181,3,"[1, 48, 2, 1, 10297, 1, 4, 4, 2, 0, 4, 4, 39, 2, 3, 3, 3, 1, 1, 1]",0,0,"[1.0, 30.0, 4.0, 1.0, 10623.0, 1.0, 5.0, 3.0, 2.0, 0.0, 4.0, 4.0, 38.0, 2.0, 3.0, 3.0, 4.0, 1.0, 1.0, 1.0]",1,False,False,0,0.277,0.78,rf,0.08503584277148568,0.21751792138574286,0.6499999999999999
credit,1,42,1,181,4,"[1, 48, 2, 1, 10297, 1, 4, 4, 2, 0, 4, 4, 39, 2, 3, 3, 3, 1, 1, 1]",0,0,"[1.0, 30.0, 4.0, 1.0, 10623.0, 1.0, 5.0, 3.0, 2.0, 0.0, 4.0, 4.0, 38.0, 2.0, 3.0, 3.0, 4.0, 1.0, 1.0, 1.0]",1,False,False,0,0.276,0.78,rf,0.08503584277148568,0.21751792138574286,0.6499999999999999
credit,1,42,1,182,0,"[2, 48, 0, 8, 14421, 1, 3, 2, 2, 0, 2, 3, 25, 1, 2, 1, 3, 2, 1, 1]",0,0,"[1.0, 4.0, 3.0, 0.0, 10875.0, 1.0, 5.0, 2.0, 2.0, 0.0, 2.0, 1.0, 19.0, 1.0, 2.0, 1.0, 3.0, 2.0, 1.0, 1.0]",1,False,False,0,0.329,0.78,rf,0.2072959286401658,0.3036479643200829,0.6
credit,1,42,1,182,1,"[2, 48, 0, 8, 14421, 1, 3, 2, 2, 0, 2, 3, 25, 1, 2, 1, 3, 2, 1, 1]",0,0,"[4.0, 48.0, 2.0, 3.0, 10222.0, 5.0, 4.0, 4.0, 2.0, 0.0, 3.0, 3.0, 37.0, 1.0, 2.0, 1.0, 3.0, 2.0, 1.0, 1.0]",1,False,False,0,0.295,0.78,rf,0.2419900288696425,0.3459950144348213,0.55
credit,1,42,1,182,2,"[2, 48, 0, 8, 14421, 1, 3, 2, 2, 0, 2, 3, 25, 1, 2, 1, 3, 2, 1, 1]",0,0,"[4.0, 48.0, 2.0, 3.0, 10222.0, 5.0, 4.0, 4.0, 2.0, 0.0, 3.0, 3.0, 37.0, 1.0, 2.0, 1.0, 3.0, 2.0, 1.0, 1.0]",1,False,False,0,0.28,0.78,rf,0.2419900288696425,0.3459950144348213,0.55
credit,1,42,1,182,3,"[2, 48, 0, 8, 14421, 1, 3, 2, 2, 0, 2, 3, 25, 1, 2, 1, 3, 2, 1, 1]",0,0,"[4.0, 48.0, 2.0, 3.0, 10222.0, 5.0, 4.0, 4.0, 2.0, 0.0, 3.0, 3.0, 37.0, 1.0, 2.0, 1.0, 3.0, 2.0, 1.0, 1.0]",1,False,False,0,0.275,0.78,rf,0.2419900288696425,0.3459950144348213,0.55
credit,1,42,1,182,4,"[2, 48, 0, 8, 14421, 1, 3, 2, 2, 0, 2, 3, 25, 1, 2, 1, 3, 2, 1, 1]",0,0,"[4.0, 48.0, 2.0, 3.0, 10222.0, 5.0, 4.0, 4.0, 2.0, 0.0, 3.0, 3.0, 37.0, 1.0, 2.0, 1.0, 3.0, 2.0, 1.0, 1.0]",1,False,False,0,0.269,0.78,rf,0.2419900288696425,0.3459950144348213,0.55
credit,1,42,1,186,0,"[2, 12, 2, 0, 888, 1, 5, 4, 2, 0, 4, 3, 41, 0, 2, 1, 2, 1, 0, 1]",0,0,"[4.0, 36.0, 2.0, 0.0, 909.0, 3.0, 5.0, 4.0, 2.0, 0.0, 4.0, 2.0, 36.0, 2.0, 2.0, 1.0, 3.0, 2.0, 0.0, 1.0]",1,False,False,0,0.279,0.78,rf,0.2127724628025761,0.3313862314012881,0.55
credit,1,42,1,186,1,"[2, 12, 2, 0, 888, 1, 5, 4, 2, 0, 4, 3, 41, 0, 2, 1, 2, 1, 0, 1]",0,0,"[4.0, 36.0, 2.0, 0.0, 909.0, 3.0, 5.0, 4.0, 2.0, 0.0, 4.0, 2.0, 36.0, 2.0, 2.0, 1.0, 3.0, 2.0, 0.0, 1.0]",1,False,False,0,0.274,0.78,rf,0.2127724628025761,0.3313862314012881,0.55
credit,1,42,1,186,2,"[2, 12, 2, 0, 888, 1, 5, 4, 2, 0, 4, 3, 41, 0, 2, 1, 2, 1, 0, 1]",0,0,"[1.0, 6.0, 2.0, 2.0, 918.0, 1.0, 5.0, 4.0, 1.0, 0.0, 4.0, 1.0, 30.0, 2.0, 2.0, 2.0, 1.0, 1.0, 0.0, 1.0]",1,False,False,0,0.293,0.78,rf,0.24722507217410616,0.3736125360870531,0.5
credit,1,42,1,186,3,"[2, 12, 2, 0, 888, 1, 5, 4, 2, 0, 4, 3, 41, 0, 2, 1, 2, 1, 0, 1]",0,0,"[4.0, 36.0, 2.0, 0.0, 909.0, 3.0, 5.0, 4.0, 2.0, 0.0, 4.0, 2.0, 36.0, 2.0, 2.0, 1.0, 3.0, 2.0, 0.0, 1.0]",1,False,False,0,0.273,0.78,rf,0.2127724628025761,0.3313862314012881,0.55
credit,1,42,1,186,4,"[2, 12, 2, 0, 888, 1, 5, 4, 2, 0, 4, 3, 41, 0, 2, 1, 2, 1, 0, 1]",0,0,"[1.0, 4.0, 2.0, 0.0, 250.0, 1.0, 1.0, 4.0, 2.0, 0.0, 4.0, 4.0, 19.0, 2.0, 2.0, 1.0, 3.0, 1.0, 0.0, 0.0]",1,False,False,0,0.272,0.78,rf,0.2264689910430084,0.3382344955215042,0.55
credit,1,42,1,187,0,"[1, 18, 1, 0, 1442, 1, 4, 4, 2, 0, 4, 4, 32, 0, 3, 2, 2, 1, 0, 1]",0,0,"[3.0, 18.0, 1.0, 3.0, 1445.0, 5.0, 4.0, 4.0, 2.0, 0.0, 4.0, 3.0, 49.0, 0.0, 2.0, 1.0, 2.0, 2.0, 0.0, 1.0]",1,False,False,0,0.28,0.78,rf,0.25658654230512995,0.353293271152565,0.55
credit,1,42,1,187,1,"[1, 18, 1, 0, 1442, 1, 4, 4, 2, 0, 4, 4, 32, 0, 3, 2, 2, 1, 0, 1]",0,0,"[1.0, 12.0, 4.0, 0.0, 1437.0, 1.0, 4.0, 2.0, 2.0, 0.0, 3.0, 4.0, 29.0, 0.0, 1.0, 1.0, 3.0, 1.0, 0.0, 1.0]",1,False,False,0,0.284,0.78,rf,0.17764423717521655,0.3138221185876083,0.55
credit,1,42,1,187,2,"[1, 18, 1, 0, 1442, 1, 4, 4, 2, 0, 4, 4, 32, 0, 3, 2, 2, 1, 0, 1]",0,0,"[3.0, 18.0, 1.0, 3.0, 1445.0, 5.0, 4.0, 4.0, 2.0, 0.0, 4.0, 3.0, 49.0, 0.0, 2.0, 1.0, 2.0, 2.0, 0.0, 1.0]",1,False,False,0,0.279,0.78,rf,0.25658654230512995,0.353293271152565,0.55
credit,1,42,1,187,3,"[1, 18, 1, 0, 1442, 1, 4, 4, 2, 0, 4, 4, 32, 0, 3, 2, 2, 1, 0, 1]",0,0,"[3.0, 18.0, 1.0, 3.0, 1445.0, 5.0, 4.0, 4.0, 2.0, 0.0, 4.0, 3.0, 49.0, 0.0, 2.0, 1.0, 2.0, 2.0, 0.0, 1.0]",1,False,False,0,0.276,0.78,rf,0.25658654230512995,0.353293271152565,0.55
credit,1,42,1,187,4,"[1, 18, 1, 0, 1442, 1, 4, 4, 2, 0, 4, 4, 32, 0, 3, 2, 2, 1, 0, 1]",0,0,"[1.0, 4.0, 1.0, 2.0, 250.0, 2.0, 1.0, 4.0, 2.0, 0.0, 1.0, 4.0, 19.0, 2.0, 2.0, 2.0, 1.0, 1.0, 0.0, 1.0]",1,False,False,0,0.276,0.78,rf,0.26581011917980607,0.38290505958990306,0.5
credit,1,42,1,189,0,"[2, 54, 0, 8, 15945, 1, 2, 3, 2, 0, 4, 4, 58, 2, 1, 1, 3, 2, 1, 1]",0,0,"[4.0, 36.0, 4.0, 0.0, 10477.0, 5.0, 1.0, 2.0, 2.0, 0.0, 4.0, 4.0, 42.0, 2.0, 1.0, 1.0, 3.0, 2.0, 1.0, 1.0]",1,False,False,0,0.295,0.78,rf,0.25287812569398177,0.3514390628469909,0.55
credit,1,42,1,189,1,"[2, 54, 0, 8, 15945, 1, 2, 3, 2, 0, 4, 4, 58, 2, 1, 1, 3, 2, 1, 1]",0,0,"[4.0, 60.0, 2.0, 0.0, 10366.0, 1.0, 5.0, 2.0, 2.0, 0.0, 4.0, 2.0, 42.0, 2.0, 2.0, 1.0, 4.0, 2.0, 1.0, 1.0]",1,False,False,0,0.271,0.78,rf,0.2698258050188763,0.4099129025094382,0.44999999999999996
credit,1,42,1,189,2,"[2, 54, 0, 8, 15945, 1, 2, 3, 2, 0, 4, 4, 58, 2, 1, 1, 3, 2, 1, 1]",0,0,"[1.0, 4.0, 0.0, 1.0, 250.0, 1.0, 1.0, 1.0, 2.0, 0.0, 4.0, 4.0, 19.0, 2.0, 1.0, 1.0, 4.0, 1.0, 1.0, 1.0]",1,False,False,0,0.321,0.78,rf,0.2878335924198682,0.3689167962099341,0.55
credit,1,42,1,189,3,"[2, 54, 0, 8, 15945, 1, 2, 3, 2, 0, 4, 4, 58, 2, 1, 1, 3, 2, 1, 1]",0,0,"[4.0, 4.0, 0.0, 1.0, 14179.0, 1.0, 1.0, 2.0, 2.0, 0.0, 4.0, 4.0, 42.0, 2.0, 2.0, 2.0, 3.0, 2.0, 0.0, 1.0]",1,False,False,0,0.294,0.78,rf,0.2573948626841365,0.37869743134206824,0.5
credit,1,42,1,189,4,"[2, 54, 0, 8, 15945, 1, 2, 3, 2, 0, 4, 4, 58, 2, 1, 1, 3, 2, 1, 1]",0,0,"[4.0, 60.0, 2.0, 0.0, 10366.0, 1.0, 5.0, 2.0, 2.0, 0.0, 4.0, 2.0, 42.0, 2.0, 2.0, 1.0, 4.0, 2.0, 1.0, 1.0]",1,False,False,0,0.264,0.78,rf,0.2698258050188763,0.4099129025094382,0.44999999999999996
credit,1,42,1,190,0,"[1, 24, 2, 2, 3234, 1, 2, 4, 1, 0, 4, 1, 23, 2, 1, 1, 2, 2, 1, 1]",0,0,"[4.0, 24.0, 2.0, 3.0, 3181.0, 1.0, 2.0, 4.0, 1.0, 0.0, 4.0, 2.0, 26.0, 2.0, 2.0, 1.0, 3.0, 2.0, 1.0, 1.0]",1,False,False,0,0.278,0.78,rf,0.16109908949589163,0.25554954474794583,0.6499999999999999
credit,1,42,1,190,1,"[1, 24, 2, 2, 3234, 1, 2, 4, 1, 0, 4, 1, 23, 2, 1, 1, 2, 2, 1, 1]",0,0,"[4.0, 24.0, 2.0, 3.0, 3181.0, 1.0, 2.0, 4.0, 1.0, 0.0, 4.0, 2.0, 26.0, 2.0, 2.0, 1.0, 3.0, 2.0, 1.0, 1.0]",1,False,False,0,0.274,0.78,rf,0.16109908949589163,0.25554954474794583,0.6499999999999999
credit,1,42,1,190,2,"[1, 24, 2, 2, 3234, 1, 2, 4, 1, 0, 4, 1, 23, 2, 1, 1, 2, 2, 1, 1]",0,0,"[4.0, 24.0, 2.0, 3.0, 3181.0, 1.0, 2.0, 4.0, 1.0, 0.0, 4.0, 2.0, 26.0, 2.0, 2.0, 1.0, 3.0, 2.0, 1.0, 1.0]",1,False,False,0,0.274,0.78,rf,0.16109908949589163,0.25554954474794583,0.6499999999999999
credit,1,42,1,190,3,"[1, 24, 2, 2, 3234, 1, 2, 4, 1, 0, 4, 1, 23, 2, 1, 1, 2, 2, 1, 1]",0,0,"[4.0, 24.0, 2.0, 3.0, 3181.0, 1.0, 2.0, 4.0, 1.0, 0.0, 4.0, 2.0, 26.0, 2.0, 2.0, 1.0, 3.0, 2.0, 1.0, 1.0]",1,False,False,0,0.275,0.78,rf,0.16109908949589163,0.25554954474794583,0.6499999999999999
credit,1,42,1,190,4,"[1, 24, 2, 2, 3234, 1, 2, 4, 1, 0, 4, 1, 23, 2, 1, 1, 2, 2, 1, 1]",0,0,"[4.0, 24.0, 2.0, 3.0, 3181.0, 1.0, 2.0, 4.0, 1.0, 0.0, 4.0, 2.0, 26.0, 2.0, 2.0, 1.0, 3.0, 2.0, 1.0, 1.0]",1,False,False,0,0.274,0.78,rf,0.16109908949589163,0.25554954474794583,0.6499999999999999
credit,1,42,1,192,0,"[2, 27, 0, 8, 8318, 1, 5, 2, 1, 0, 4, 4, 42, 1, 3, 2, 4, 2, 1, 1]",0,0,"[4.0, 24.0, 3.0, 8.0, 8648.0, 1.0, 2.0, 2.0, 2.0, 0.0, 2.0, 3.0, 27.0, 0.0, 2.0, 2.0, 3.0, 2.0, 1.0, 1.0]",0,False,False,0,0.278,0.78,rf,0.31607667110815013,1.4580383355540751,0.3999999999999999
credit,1,42,1,192,1,"[2, 27, 0, 8, 8318, 1, 5, 2, 1, 0, 4, 4, 42, 1, 3, 2, 4, 2, 1, 1]",0,0,"[4.0, 24.0, 3.0, 8.0, 8648.0, 1.0, 2.0, 2.0, 2.0, 0.0, 2.0, 3.0, 27.0, 0.0, 2.0, 2.0, 3.0, 2.0, 1.0, 1.0]",0,False,False,0,0.272,0.78,rf,0.31607667110815013,1.4580383355540751,0.3999999999999999
credit,1,42,1,192,2,"[2, 27, 0, 8, 8318, 1, 5, 2, 1, 0, 4, 4, 42, 1, 3, 2, 4, 2, 1, 1]",0,0,"[1.0, 4.0, 0.0, 2.0, 250.0, 1.0, 4.0, 1.0, 1.0, 0.0, 1.0, 3.0, 19.0, 0.0, 2.0, 2.0, 3.0, 2.0, 1.0, 1.0]",1,False,False,0,0.328,0.78,rf,0.31073964394107634,0.4553698219705382,0.3999999999999999
credit,1,42,1,192,3,"[2, 27, 0, 8, 8318, 1, 5, 2, 1, 0, 4, 4, 42, 1, 3, 2, 4, 2, 1, 1]",0,0,"[4.0, 24.0, 3.0, 8.0, 8648.0, 1.0, 2.0, 2.0, 2.0, 0.0, 2.0, 3.0, 27.0, 0.0, 2.0, 2.0, 3.0, 2.0, 1.0, 1.0]",0,False,False,0,0.271,0.78,rf,0.31607667110815013,1.4580383355540751,0.3999999999999999
credit,1,42,1,192,4,"[2, 27, 0, 8, 8318, 1, 5, 2, 1, 0, 4, 4, 42, 1, 3, 2, 4, 2, 1, 1]",0,0,"[2.0, 4.0, 0.0, 0.0, 8386.0, 1.0, 4.0, 1.0, 1.0, 0.0, 1.0, 3.0, 30.0, 2.0, 2.0, 2.0, 3.0, 2.0, 0.0, 1.0]",1,False,False,0,0.263,0.78,rf,0.31417068991043007,0.4570853449552151,0.3999999999999999
credit,1,42,1,193,0,"[1, 45, 0, 8, 11816, 1, 5, 2, 2, 0, 4, 3, 29, 2, 1, 2, 3, 2, 0, 1]",0,0,"[4.0, 21.0, 3.0, 0.0, 12680.0, 1.0, 5.0, 2.0, 2.0, 0.0, 4.0, 3.0, 45.0, 2.0, 2.0, 1.0, 4.0, 2.0, 1.0, 1.0]",1,False,False,0,0.298,0.78,rf,0.27872242949145015,0.38936121474572505,0.5
credit,1,42,1,193,1,"[1, 45, 0, 8, 11816, 1, 5, 2, 2, 0, 4, 3, 29, 2, 1, 2, 3, 2, 0, 1]",0,0,"[1.0, 4.0, 0.0, 0.0, 250.0, 1.0, 1.0, 3.0, 0.0, 0.0, 4.0, 1.0, 19.0, 2.0, 1.0, 1.0, 3.0, 2.0, 0.0, 0.0]",0,False,False,0,0.382,0.78,rf,0.3331918313716782,1.4165959156858392,0.5
credit,1,42,1,193,2,"[1, 45, 0, 8, 11816, 1, 5, 2, 2, 0, 4, 3, 29, 2, 1, 2, 3, 2, 0, 1]",0,0,"[1.0, 4.0, 0.0, 9.0, 250.0, 1.0, 5.0, 2.0, 2.0, 0.0, 1.0, 1.0, 19.0, 2.0, 1.0, 2.0, 1.0, 2.0, 0.0, 1.0]",1,False,False,0,0.378,0.78,rf,0.23319183137167815,0.2915959156858391,0.6499999999999999
credit,1,42,1,193,3,"[1, 45, 0, 8, 11816, 1, 5, 2, 2, 0, 4, 3, 29, 2, 1, 2, 3, 2, 0, 1]",0,0,"[1.0, 30.0, 4.0, 8.0, 250.0, 1.0, 5.0, 2.0, 3.0, 0.0, 2.0, 1.0, 30.0, 2.0, 1.0, 3.0, 3.0, 1.0, 0.0, 1.0]",1,False,False,0,0.272,0.78,rf,0.273908205640684,0.361954102820342,0.55
credit,1,42,1,193,4,"[1, 45, 0, 8, 11816, 1, 5, 2, 2, 0, 4, 3, 29, 2, 1, 2, 3, 2, 0, 1]",0,0,"[1.0, 4.0, 3.0, 0.0, 10477.0, 1.0, 1.0, 2.0, 2.0, 2.0, 4.0, 4.0, 45.0, 2.0, 1.0, 2.0, 3.0, 2.0, 0.0, 1.0]",1,False,False,0,0.233,0.78,rf,0.25006385002590864,0.3250319250129543,0.6
credit,1,42,1,194,0,"[2, 48, 4, 2, 5096, 1, 3, 2, 1, 0, 3, 3, 30, 2, 2, 1, 4, 2, 1, 1]",0,0,"[4.0, 24.0, 4.0, 2.0, 5150.0, 1.0, 5.0, 4.0, 2.0, 0.0, 4.0, 3.0, 33.0, 2.0, 2.0, 1.0, 3.0, 2.0, 1.0, 1.0]",1,False,False,0,0.283,0.78,rf,0.1944349544747946,0.3222174772373973,0.55
credit,1,42,1,194,1,"[2, 48, 4, 2, 5096, 1, 3, 2, 1, 0, 3, 3, 30, 2, 2, 1, 4, 2, 1, 1]",0,0,"[4.0, 24.0, 4.0, 2.0, 5150.0, 1.0, 5.0, 4.0, 2.0, 0.0, 4.0, 3.0, 33.0, 2.0, 2.0, 1.0, 3.0, 2.0, 1.0, 1.0]",1,False,False,0,0.276,0.78,rf,0.1944349544747946,0.3222174772373973,0.55
credit,1,42,1,194,2,"[2, 48, 4, 2, 5096, 1, 3, 2, 1, 0, 3, 3, 30, 2, 2, 1, 4, 2, 1, 1]",0,0,"[4.0, 24.0, 4.0, 2.0, 5150.0, 1.0, 5.0, 4.0, 2.0, 0.0, 4.0, 3.0, 33.0, 2.0, 2.0, 1.0, 3.0, 2.0, 1.0, 1.0]",1,False,False,0,0.283,0.78,rf,0.1944349544747946,0.3222174772373973,0.55
credit,1,42,1,194,3,"[2, 48, 4, 2, 5096, 1, 3, 2, 1, 0, 3, 3, 30, 2, 2, 1, 4, 2, 1, 1]",0,0,"[4.0, 24.0, 4.0, 2.0, 5150.0, 1.0, 5.0, 4.0, 2.0, 0.0, 4.0, 3.0, 33.0, 2.0, 2.0, 1.0, 3.0, 2.0, 1.0, 1.0]",1,False,False,0,0.275,0.78,rf,0.1944349544747946,0.3222174772373973,0.55
credit,1,42,1,194,4,"[2, 48, 4, 2, 5096, 1, 3, 2, 1, 0, 3, 3, 30, 2, 2, 1, 4, 2, 1, 1]",0,0,"[1.0, 24.0, 2.0, 2.0, 5084.0, 1.0, 5.0, 1.0, 1.0, 0.0, 2.0, 3.0, 42.0, 2.0, 2.0, 1.0, 3.0, 2.0, 1.0, 1.0]",1,False,False,0,0.239,0.78,rf,0.14389002886964247,0.29694501443482124,0.55
credit,1,42,1,195,0,"[1, 18, 2, 3, 1882, 1, 3, 4, 1, 0, 4, 3, 25, 0, 1, 2, 3, 2, 0, 1]",0,0,"[1.0, 12.0, 2.0, 0.0, 1893.0, 1.0, 3.0, 4.0, 1.0, 2.0, 4.0, 2.0, 29.0, 2.0, 2.0, 1.0, 3.0, 2.0, 1.0, 1.0]",1,False,False,0,0.285,0.78,rf,0.26603662003109035,0.3830183100155452,0.5
credit,1,42,1,195,1,"[1, 18, 2, 3, 1882, 1, 3, 4, 1, 0, 4, 3, 25, 0, 1, 2, 3, 2, 0, 1]",0,0,"[1.0, 12.0, 2.0, 0.0, 1893.0, 1.0, 3.0, 4.0, 1.0, 2.0, 4.0, 2.0, 29.0, 2.0, 2.0, 1.0, 3.0, 2.0, 1.0, 1.0]",1,False,False,0,0.286,0.78,rf,0.26603662003109035,0.3830183100155452,0.5
credit,1,42,1,195,2,"[1, 18, 2, 3, 1882, 1, 3, 4, 1, 0, 4, 3, 25, 0, 1, 2, 3, 2, 0, 1]",0,0,"[1.0, 12.0, 2.0, 3.0, 250.0, 1.0, 3.0, 1.0, 1.0, 2.0, 4.0, 3.0, 34.0, 1.0, 1.0, 2.0, 4.0, 2.0, 1.0, 1.0]",1,False,False,0,0.319,0.78,rf,0.23285971574505884,0.3164298578725294,0.6
credit,1,42,1,195,3,"[1, 18, 2, 3, 1882, 1, 3, 4, 1, 0, 4, 3, 25, 0, 1, 2, 3, 2, 0, 1]",0,0,"[1.0, 12.0, 2.0, 0.0, 1893.0, 1.0, 3.0, 4.0, 1.0, 2.0, 4.0, 2.0, 29.0, 2.0, 2.0, 1.0, 3.0, 2.0, 1.0, 1.0]",1,False,False,0,0.275,0.78,rf,0.26603662003109035,0.3830183100155452,0.5
credit,1,42,1,195,4,"[1, 18, 2, 3, 1882, 1, 3, 4, 1, 0, 4, 3, 25, 0, 1, 2, 3, 2, 0, 1]",0,0,"[1.0, 12.0, 2.0, 0.0, 1893.0, 1.0, 3.0, 4.0, 1.0, 2.0, 4.0, 2.0, 29.0, 2.0, 2.0, 1.0, 3.0, 2.0, 1.0, 1.0]",1,False,False,0,0.237,0.78,rf,0.26603662003109035,0.3830183100155452,0.5
credit,1,42,1,197,0,"[1, 18, 2, 0, 976, 1, 2, 1, 1, 0, 2, 3, 23, 2, 2, 1, 2, 2, 0, 1]",0,0,"[2.0, 9.0, 2.0, 2.0, 959.0, 1.0, 3.0, 1.0, 1.0, 0.0, 2.0, 3.0, 29.0, 0.0, 2.0, 1.0, 3.0, 2.0, 0.0, 1.0]",0,False,False,0,0.284,0.78,rf,0.15738952920275373,1.2786947646013769,0.6
credit,1,42,1,197,1,"[1, 18, 2, 0, 976, 1, 2, 1, 1, 0, 2, 3, 23, 2, 2, 1, 2, 2, 0, 1]",0,0,"[2.0, 9.0, 2.0, 2.0, 959.0, 1.0, 3.0, 1.0, 1.0, 0.0, 2.0, 3.0, 29.0, 0.0, 2.0, 1.0, 3.0, 2.0, 0.0, 1.0]",0,False,False,0,0.293,0.78,rf,0.15738952920275373,1.2786947646013769,0.6
credit,1,42,1,197,2,"[1, 18, 2, 0, 976, 1, 2, 1, 1, 0, 2, 3, 23, 2, 2, 1, 2, 2, 0, 1]",0,0,"[2.0, 9.0, 2.0, 2.0, 959.0, 1.0, 3.0, 1.0, 1.0, 0.0, 2.0, 3.0, 29.0, 0.0, 2.0, 1.0, 3.0, 2.0, 0.0, 1.0]",0,False,False,0,0.279,0.78,rf,0.15738952920275373,1.2786947646013769,0.6
credit,1,42,1,197,3,"[1, 18, 2, 0, 976, 1, 2, 1, 1, 0, 2, 3, 23, 2, 2, 1, 2, 2, 0, 1]",0,0,"[2.0, 9.0, 2.0, 2.0, 959.0, 1.0, 3.0, 1.0, 1.0, 0.0, 2.0, 3.0, 29.0, 0.0, 2.0, 1.0, 3.0, 2.0, 0.0, 1.0]",0,False,False,0,0.274,0.78,rf,0.15738952920275373,1.2786947646013769,0.6
credit,1,42,1,197,4,"[1, 18, 2, 0, 976, 1, 2, 1, 1, 0, 2, 3, 23, 2, 2, 1, 2, 2, 0, 1]",0,0,"[1.0, 15.0, 2.0, 2.0, 250.0, 1.0, 3.0, 2.0, 3.0, 0.0, 2.0, 3.0, 29.0, 2.0, 2.0, 1.0, 2.0, 2.0, 0.0, 1.0]",1,False,False,0,0.267,0.78,rf,0.13835113257828113,0.24417556628914058,0.6499999999999999
