dataset,desired_class,overall_seed,fold_idx,test_sample_idx,rep_idx,x,pred_class_x,true_class_x,z,pred_class_z,check_plausibility,opt_C_robust,opt_K_robust,run_time,blackbox_test_acc
student,2,42,4,5,0,"[0.0, 1.0, 17.0, 1.0, 0.0, 1.0, 3.0, 2.0, 3.0, 3.0, 0.0, 1.0, 1.0, 1.0, 3.0, 0.0, 1.0, 0.0, 1.0, 1.0, 1.0, 1.0, 0.0, 5.0, 5.0, 5.0, 2.0, 4.0, 5.0, 16.0]",1,0,"[0.0, 1.0, 17.0, 1.0, 0.0, 1.0, 3.0, 2.0, 3.0, 3.0, 0.0, 1.0, 1.0, 1.0, 3.0, 0.0, 1.0, 0.0, 1.0, 1.0, 1.0, 1.0, 0.0, 5.0, 5.0, 5.0, 2.0, 4.0, 5.0, 16.0]",1,False,False,0,9.714,0.4810126582278481
student,2,42,4,5,1,"[0.0, 1.0, 17.0, 1.0, 0.0, 1.0, 3.0, 2.0, 3.0, 3.0, 0.0, 1.0, 1.0, 1.0, 3.0, 0.0, 1.0, 0.0, 1.0, 1.0, 1.0, 1.0, 0.0, 5.0, 5.0, 5.0, 2.0, 4.0, 5.0, 16.0]",1,0,"[0.0, 1.0, 17.0, 1.0, 0.0, 1.0, 3.0, 2.0, 3.0, 3.0, 0.0, 1.0, 1.0, 1.0, 3.0, 0.0, 1.0, 0.0, 1.0, 1.0, 1.0, 1.0, 0.0, 5.0, 5.0, 5.0, 2.0, 4.0, 5.0, 16.0]",1,False,False,0,9.717,0.4810126582278481
student,2,42,4,5,2,"[0.0, 1.0, 17.0, 1.0, 0.0, 1.0, 3.0, 2.0, 3.0, 3.0, 0.0, 1.0, 1.0, 1.0, 3.0, 0.0, 1.0, 0.0, 1.0, 1.0, 1.0, 1.0, 0.0, 5.0, 5.0, 5.0, 2.0, 4.0, 5.0, 16.0]",1,0,"[0.0, 1.0, 17.0, 1.0, 0.0, 1.0, 3.0, 2.0, 3.0, 3.0, 0.0, 1.0, 1.0, 1.0, 3.0, 0.0, 1.0, 0.0, 1.0, 1.0, 1.0, 1.0, 0.0, 5.0, 5.0, 5.0, 2.0, 4.0, 5.0, 16.0]",1,False,False,0,10.312,0.4810126582278481
student,2,42,4,5,3,"[0.0, 1.0, 17.0, 1.0, 0.0, 1.0, 3.0, 2.0, 3.0, 3.0, 0.0, 1.0, 1.0, 1.0, 3.0, 0.0, 1.0, 0.0, 1.0, 1.0, 1.0, 1.0, 0.0, 5.0, 5.0, 5.0, 2.0, 4.0, 5.0, 16.0]",1,0,"[0.0, 1.0, 17.0, 1.0, 0.0, 1.0, 3.0, 2.0, 3.0, 3.0, 0.0, 1.0, 1.0, 1.0, 3.0, 0.0, 1.0, 0.0, 1.0, 1.0, 1.0, 1.0, 0.0, 5.0, 5.0, 5.0, 2.0, 4.0, 5.0, 16.0]",1,False,False,0,10.473,0.4810126582278481
student,2,42,4,5,4,"[0.0, 1.0, 17.0, 1.0, 0.0, 1.0, 3.0, 2.0, 3.0, 3.0, 0.0, 1.0, 1.0, 1.0, 3.0, 0.0, 1.0, 0.0, 1.0, 1.0, 1.0, 1.0, 0.0, 5.0, 5.0, 5.0, 2.0, 4.0, 5.0, 16.0]",1,0,"[0.0, 1.0, 17.0, 1.0, 0.0, 1.0, 3.0, 2.0, 3.0, 3.0, 0.0, 1.0, 1.0, 1.0, 3.0, 0.0, 1.0, 0.0, 1.0, 1.0, 1.0, 1.0, 0.0, 5.0, 5.0, 5.0, 2.0, 4.0, 5.0, 16.0]",1,False,False,0,10.414,0.4810126582278481
student,2,42,4,9,0,"[0.0, 1.0, 16.0, 1.0, 0.0, 1.0, 4.0, 4.0, 4.0, 4.0, 1.0, 1.0, 1.0, 2.0, 0.0, 0.0, 1.0, 1.0, 1.0, 1.0, 1.0, 1.0, 1.0, 4.0, 4.0, 5.0, 5.0, 5.0, 5.0, 16.0]",0,1,"[0.0, 1.0, 16.0, 1.0, 0.0, 1.0, 4.0, 4.0, 4.0, 4.0, 1.0, 1.0, 1.0, 2.0, 0.0, 0.0, 1.0, 1.0, 1.0, 1.0, 1.0, 1.0, 1.0, 4.0, 4.0, 5.0, 5.0, 5.0, 5.0, 16.0]",0,False,False,0,9.879,0.4810126582278481
student,2,42,4,9,1,"[0.0, 1.0, 16.0, 1.0, 0.0, 1.0, 4.0, 4.0, 4.0, 4.0, 1.0, 1.0, 1.0, 2.0, 0.0, 0.0, 1.0, 1.0, 1.0, 1.0, 1.0, 1.0, 1.0, 4.0, 4.0, 5.0, 5.0, 5.0, 5.0, 16.0]",0,1,"[0.0, 1.0, 16.0, 1.0, 0.0, 1.0, 4.0, 4.0, 4.0, 4.0, 1.0, 1.0, 1.0, 2.0, 0.0, 0.0, 1.0, 1.0, 1.0, 1.0, 1.0, 1.0, 1.0, 4.0, 4.0, 5.0, 5.0, 5.0, 5.0, 16.0]",0,False,False,0,9.85,0.4810126582278481
student,2,42,4,9,2,"[0.0, 1.0, 16.0, 1.0, 0.0, 1.0, 4.0, 4.0, 4.0, 4.0, 1.0, 1.0, 1.0, 2.0, 0.0, 0.0, 1.0, 1.0, 1.0, 1.0, 1.0, 1.0, 1.0, 4.0, 4.0, 5.0, 5.0, 5.0, 5.0, 16.0]",0,1,"[0.0, 1.0, 16.0, 1.0, 0.0, 1.0, 4.0, 4.0, 4.0, 4.0, 1.0, 1.0, 1.0, 2.0, 0.0, 0.0, 1.0, 1.0, 1.0, 1.0, 1.0, 1.0, 1.0, 4.0, 4.0, 5.0, 5.0, 5.0, 5.0, 16.0]",0,False,False,0,9.868,0.4810126582278481
student,2,42,4,9,3,"[0.0, 1.0, 16.0, 1.0, 0.0, 1.0, 4.0, 4.0, 4.0, 4.0, 1.0, 1.0, 1.0, 2.0, 0.0, 0.0, 1.0, 1.0, 1.0, 1.0, 1.0, 1.0, 1.0, 4.0, 4.0, 5.0, 5.0, 5.0, 5.0, 16.0]",0,1,"[0.0, 1.0, 16.0, 1.0, 0.0, 1.0, 4.0, 4.0, 4.0, 4.0, 1.0, 1.0, 1.0, 2.0, 0.0, 0.0, 1.0, 1.0, 1.0, 1.0, 1.0, 1.0, 1.0, 4.0, 4.0, 5.0, 5.0, 5.0, 5.0, 16.0]",0,False,False,0,10.329,0.4810126582278481
student,2,42,4,9,4,"[0.0, 1.0, 16.0, 1.0, 0.0, 1.0, 4.0, 4.0, 4.0, 4.0, 1.0, 1.0, 1.0, 2.0, 0.0, 0.0, 1.0, 1.0, 1.0, 1.0, 1.0, 1.0, 1.0, 4.0, 4.0, 5.0, 5.0, 5.0, 5.0, 16.0]",0,1,"[0.0, 1.0, 16.0, 1.0, 0.0, 1.0, 4.0, 4.0, 4.0, 4.0, 1.0, 1.0, 1.0, 2.0, 0.0, 0.0, 1.0, 1.0, 1.0, 1.0, 1.0, 1.0, 1.0, 4.0, 4.0, 5.0, 5.0, 5.0, 5.0, 16.0]",0,False,False,0,10.332,0.4810126582278481
student,2,42,4,13,0,"[0.0, 1.0, 15.0, 1.0, 0.0, 1.0, 4.0, 2.0, 4.0, 2.0, 1.0, 1.0, 1.0, 2.0, 0.0, 0.0, 1.0, 1.0, 0.0, 1.0, 1.0, 0.0, 0.0, 4.0, 3.0, 3.0, 2.0, 2.0, 5.0, 2.0]",1,2,"[0.0, 1.0, 15.0, 1.0, 0.0, 1.0, 4.0, 2.0, 4.0, 2.0, 1.0, 1.0, 1.0, 2.0, 0.0, 0.0, 1.0, 1.0, 0.0, 1.0, 1.0, 0.0, 0.0, 4.0, 3.0, 3.0, 2.0, 2.0, 5.0, 2.0]",1,False,False,0,9.89,0.4810126582278481
student,2,42,4,13,1,"[0.0, 1.0, 15.0, 1.0, 0.0, 1.0, 4.0, 2.0, 4.0, 2.0, 1.0, 1.0, 1.0, 2.0, 0.0, 0.0, 1.0, 1.0, 0.0, 1.0, 1.0, 0.0, 0.0, 4.0, 3.0, 3.0, 2.0, 2.0, 5.0, 2.0]",1,2,"[0.0, 1.0, 15.0, 1.0, 0.0, 1.0, 4.0, 2.0, 4.0, 2.0, 1.0, 1.0, 1.0, 2.0, 0.0, 0.0, 1.0, 1.0, 0.0, 1.0, 1.0, 0.0, 0.0, 4.0, 3.0, 3.0, 2.0, 2.0, 5.0, 2.0]",1,False,False,0,9.899,0.4810126582278481
student,2,42,4,13,2,"[0.0, 1.0, 15.0, 1.0, 0.0, 1.0, 4.0, 2.0, 4.0, 2.0, 1.0, 1.0, 1.0, 2.0, 0.0, 0.0, 1.0, 1.0, 0.0, 1.0, 1.0, 0.0, 0.0, 4.0, 3.0, 3.0, 2.0, 2.0, 5.0, 2.0]",1,2,"[0.0, 1.0, 15.0, 1.0, 0.0, 1.0, 4.0, 2.0, 4.0, 2.0, 1.0, 1.0, 1.0, 2.0, 0.0, 0.0, 1.0, 1.0, 0.0, 1.0, 1.0, 0.0, 0.0, 4.0, 3.0, 3.0, 2.0, 2.0, 5.0, 2.0]",1,False,False,0,10.278,0.4810126582278481
student,2,42,4,13,3,"[0.0, 1.0, 15.0, 1.0, 0.0, 1.0, 4.0, 2.0, 4.0, 2.0, 1.0, 1.0, 1.0, 2.0, 0.0, 0.0, 1.0, 1.0, 0.0, 1.0, 1.0, 0.0, 0.0, 4.0, 3.0, 3.0, 2.0, 2.0, 5.0, 2.0]",1,2,"[0.0, 1.0, 15.0, 1.0, 0.0, 1.0, 4.0, 2.0, 4.0, 2.0, 1.0, 1.0, 1.0, 2.0, 0.0, 0.0, 1.0, 1.0, 0.0, 1.0, 1.0, 0.0, 0.0, 4.0, 3.0, 3.0, 2.0, 2.0, 5.0, 2.0]",1,False,False,0,10.168,0.4810126582278481
student,2,42,4,13,4,"[0.0, 1.0, 15.0, 1.0, 0.0, 1.0, 4.0, 2.0, 4.0, 2.0, 1.0, 1.0, 1.0, 2.0, 0.0, 0.0, 1.0, 1.0, 0.0, 1.0, 1.0, 0.0, 0.0, 4.0, 3.0, 3.0, 2.0, 2.0, 5.0, 2.0]",1,2,"[0.0, 1.0, 15.0, 1.0, 0.0, 1.0, 4.0, 2.0, 4.0, 2.0, 1.0, 1.0, 1.0, 2.0, 0.0, 0.0, 1.0, 1.0, 0.0, 1.0, 1.0, 0.0, 0.0, 4.0, 3.0, 3.0, 2.0, 2.0, 5.0, 2.0]",1,False,False,0,10.483,0.4810126582278481
student,2,42,4,16,0,"[0.0, 0.0, 16.0, 1.0, 0.0, 1.0, 3.0, 3.0, 2.0, 3.0, 1.0, 1.0, 1.0, 2.0, 0.0, 1.0, 1.0, 1.0, 1.0, 1.0, 1.0, 1.0, 0.0, 4.0, 3.0, 3.0, 2.0, 4.0, 5.0, 54.0]",0,1,"[0.0, 0.0, 16.0, 1.0, 0.0, 1.0, 3.0, 3.0, 2.0, 3.0, 1.0, 1.0, 1.0, 2.0, 0.0, 1.0, 1.0, 1.0, 1.0, 1.0, 1.0, 1.0, 0.0, 4.0, 3.0, 3.0, 2.0, 4.0, 5.0, 54.0]",0,False,False,0,9.863,0.4810126582278481
student,2,42,4,16,1,"[0.0, 0.0, 16.0, 1.0, 0.0, 1.0, 3.0, 3.0, 2.0, 3.0, 1.0, 1.0, 1.0, 2.0, 0.0, 1.0, 1.0, 1.0, 1.0, 1.0, 1.0, 1.0, 0.0, 4.0, 3.0, 3.0, 2.0, 4.0, 5.0, 54.0]",0,1,"[0.0, 0.0, 16.0, 1.0, 0.0, 1.0, 3.0, 3.0, 2.0, 3.0, 1.0, 1.0, 1.0, 2.0, 0.0, 1.0, 1.0, 1.0, 1.0, 1.0, 1.0, 1.0, 0.0, 4.0, 3.0, 3.0, 2.0, 4.0, 5.0, 54.0]",0,False,False,0,9.861,0.4810126582278481
student,2,42,4,16,2,"[0.0, 0.0, 16.0, 1.0, 0.0, 1.0, 3.0, 3.0, 2.0, 3.0, 1.0, 1.0, 1.0, 2.0, 0.0, 1.0, 1.0, 1.0, 1.0, 1.0, 1.0, 1.0, 0.0, 4.0, 3.0, 3.0, 2.0, 4.0, 5.0, 54.0]",0,1,"[0.0, 0.0, 16.0, 1.0, 0.0, 1.0, 3.0, 3.0, 2.0, 3.0, 1.0, 1.0, 1.0, 2.0, 0.0, 1.0, 1.0, 1.0, 1.0, 1.0, 1.0, 1.0, 0.0, 4.0, 3.0, 3.0, 2.0, 4.0, 5.0, 54.0]",0,False,False,0,10.79,0.4810126582278481
student,2,42,4,16,3,"[0.0, 0.0, 16.0, 1.0, 0.0, 1.0, 3.0, 3.0, 2.0, 3.0, 1.0, 1.0, 1.0, 2.0, 0.0, 1.0, 1.0, 1.0, 1.0, 1.0, 1.0, 1.0, 0.0, 4.0, 3.0, 3.0, 2.0, 4.0, 5.0, 54.0]",0,1,"[0.0, 0.0, 16.0, 1.0, 0.0, 1.0, 3.0, 3.0, 2.0, 3.0, 1.0, 1.0, 1.0, 2.0, 0.0, 1.0, 1.0, 1.0, 1.0, 1.0, 1.0, 1.0, 0.0, 4.0, 3.0, 3.0, 2.0, 4.0, 5.0, 54.0]",0,False,False,0,10.96,0.4810126582278481
student,2,42,4,16,4,"[0.0, 0.0, 16.0, 1.0, 0.0, 1.0, 3.0, 3.0, 2.0, 3.0, 1.0, 1.0, 1.0, 2.0, 0.0, 1.0, 1.0, 1.0, 1.0, 1.0, 1.0, 1.0, 0.0, 4.0, 3.0, 3.0, 2.0, 4.0, 5.0, 54.0]",0,1,"[0.0, 0.0, 16.0, 1.0, 0.0, 1.0, 3.0, 3.0, 2.0, 3.0, 1.0, 1.0, 1.0, 2.0, 0.0, 1.0, 1.0, 1.0, 1.0, 1.0, 1.0, 1.0, 0.0, 4.0, 3.0, 3.0, 2.0, 4.0, 5.0, 54.0]",0,False,False,0,10.991,0.4810126582278481
student,2,42,4,17,0,"[0.0, 1.0, 15.0, 1.0, 0.0, 1.0, 4.0, 3.0, 4.0, 2.0, 1.0, 1.0, 1.0, 2.0, 0.0, 0.0, 1.0, 1.0, 1.0, 1.0, 1.0, 1.0, 0.0, 4.0, 3.0, 3.0, 2.0, 3.0, 5.0, 6.0]",1,1,"[0.0, 1.0, 15.0, 1.0, 0.0, 1.0, 4.0, 3.0, 4.0, 2.0, 1.0, 1.0, 1.0, 2.0, 0.0, 0.0, 1.0, 1.0, 1.0, 1.0, 1.0, 1.0, 0.0, 4.0, 3.0, 3.0, 2.0, 3.0, 5.0, 6.0]",1,False,False,0,9.856,0.4810126582278481
student,2,42,4,17,1,"[0.0, 1.0, 15.0, 1.0, 0.0, 1.0, 4.0, 3.0, 4.0, 2.0, 1.0, 1.0, 1.0, 2.0, 0.0, 0.0, 1.0, 1.0, 1.0, 1.0, 1.0, 1.0, 0.0, 4.0, 3.0, 3.0, 2.0, 3.0, 5.0, 6.0]",1,1,"[0.0, 1.0, 15.0, 1.0, 0.0, 1.0, 4.0, 3.0, 4.0, 2.0, 1.0, 1.0, 1.0, 2.0, 0.0, 0.0, 1.0, 1.0, 1.0, 1.0, 1.0, 1.0, 0.0, 4.0, 3.0, 3.0, 2.0, 3.0, 5.0, 6.0]",1,False,False,0,9.834,0.4810126582278481
student,2,42,4,17,2,"[0.0, 1.0, 15.0, 1.0, 0.0, 1.0, 4.0, 3.0, 4.0, 2.0, 1.0, 1.0, 1.0, 2.0, 0.0, 0.0, 1.0, 1.0, 1.0, 1.0, 1.0, 1.0, 0.0, 4.0, 3.0, 3.0, 2.0, 3.0, 5.0, 6.0]",1,1,"[0.0, 1.0, 15.0, 1.0, 0.0, 1.0, 4.0, 3.0, 4.0, 2.0, 1.0, 1.0, 1.0, 2.0, 0.0, 0.0, 1.0, 1.0, 1.0, 1.0, 1.0, 1.0, 0.0, 4.0, 3.0, 3.0, 2.0, 3.0, 5.0, 6.0]",1,False,False,0,10.412,0.4810126582278481
student,2,42,4,17,3,"[0.0, 1.0, 15.0, 1.0, 0.0, 1.0, 4.0, 3.0, 4.0, 2.0, 1.0, 1.0, 1.0, 2.0, 0.0, 0.0, 1.0, 1.0, 1.0, 1.0, 1.0, 1.0, 0.0, 4.0, 3.0, 3.0, 2.0, 3.0, 5.0, 6.0]",1,1,"[0.0, 1.0, 15.0, 1.0, 0.0, 1.0, 4.0, 3.0, 4.0, 2.0, 1.0, 1.0, 1.0, 2.0, 0.0, 0.0, 1.0, 1.0, 1.0, 1.0, 1.0, 1.0, 0.0, 4.0, 3.0, 3.0, 2.0, 3.0, 5.0, 6.0]",1,False,False,0,10.042,0.4810126582278481
student,2,42,4,17,4,"[0.0, 1.0, 15.0, 1.0, 0.0, 1.0, 4.0, 3.0, 4.0, 2.0, 1.0, 1.0, 1.0, 2.0, 0.0, 0.0, 1.0, 1.0, 1.0, 1.0, 1.0, 1.0, 0.0, 4.0, 3.0, 3.0, 2.0, 3.0, 5.0, 6.0]",1,1,"[0.0, 1.0, 15.0, 1.0, 0.0, 1.0, 4.0, 3.0, 4.0, 2.0, 1.0, 1.0, 1.0, 2.0, 0.0, 0.0, 1.0, 1.0, 1.0, 1.0, 1.0, 1.0, 0.0, 4.0, 3.0, 3.0, 2.0, 3.0, 5.0, 6.0]",1,False,False,0,10.674,0.4810126582278481
student,2,42,4,19,0,"[0.0, 1.0, 15.0, 1.0, 0.0, 1.0, 2.0, 3.0, 2.0, 3.0, 0.0, 0.0, 1.0, 1.0, 0.0, 1.0, 1.0, 1.0, 1.0, 0.0, 1.0, 1.0, 1.0, 3.0, 2.0, 2.0, 1.0, 3.0, 3.0, 2.0]",1,1,"[0.0, 1.0, 15.0, 1.0, 0.0, 1.0, 2.0, 3.0, 2.0, 3.0, 0.0, 0.0, 1.0, 1.0, 0.0, 1.0, 1.0, 1.0, 1.0, 0.0, 1.0, 1.0, 1.0, 3.0, 2.0, 2.0, 1.0, 3.0, 3.0, 2.0]",1,False,False,0,9.866,0.4810126582278481
student,2,42,4,19,1,"[0.0, 1.0, 15.0, 1.0, 0.0, 1.0, 2.0, 3.0, 2.0, 3.0, 0.0, 0.0, 1.0, 1.0, 0.0, 1.0, 1.0, 1.0, 1.0, 0.0, 1.0, 1.0, 1.0, 3.0, 2.0, 2.0, 1.0, 3.0, 3.0, 2.0]",1,1,"[0.0, 1.0, 15.0, 1.0, 0.0, 1.0, 2.0, 3.0, 2.0, 3.0, 0.0, 0.0, 1.0, 1.0, 0.0, 1.0, 1.0, 1.0, 1.0, 0.0, 1.0, 1.0, 1.0, 3.0, 2.0, 2.0, 1.0, 3.0, 3.0, 2.0]",1,False,False,0,9.86,0.4810126582278481
student,2,42,4,19,2,"[0.0, 1.0, 15.0, 1.0, 0.0, 1.0, 2.0, 3.0, 2.0, 3.0, 0.0, 0.0, 1.0, 1.0, 0.0, 1.0, 1.0, 1.0, 1.0, 0.0, 1.0, 1.0, 1.0, 3.0, 2.0, 2.0, 1.0, 3.0, 3.0, 2.0]",1,1,"[0.0, 1.0, 15.0, 1.0, 0.0, 1.0, 2.0, 3.0, 2.0, 3.0, 0.0, 0.0, 1.0, 1.0, 0.0, 1.0, 1.0, 1.0, 1.0, 0.0, 1.0, 1.0, 1.0, 3.0, 2.0, 2.0, 1.0, 3.0, 3.0, 2.0]",1,False,False,0,9.873,0.4810126582278481
student,2,42,4,19,3,"[0.0, 1.0, 15.0, 1.0, 0.0, 1.0, 2.0, 3.0, 2.0, 3.0, 0.0, 0.0, 1.0, 1.0, 0.0, 1.0, 1.0, 1.0, 1.0, 0.0, 1.0, 1.0, 1.0, 3.0, 2.0, 2.0, 1.0, 3.0, 3.0, 2.0]",1,1,"[0.0, 1.0, 15.0, 1.0, 0.0, 1.0, 2.0, 3.0, 2.0, 3.0, 0.0, 0.0, 1.0, 1.0, 0.0, 1.0, 1.0, 1.0, 1.0, 0.0, 1.0, 1.0, 1.0, 3.0, 2.0, 2.0, 1.0, 3.0, 3.0, 2.0]",1,False,False,0,10.73,0.4810126582278481
student,2,42,4,19,4,"[0.0, 1.0, 15.0, 1.0, 0.0, 1.0, 2.0, 3.0, 2.0, 3.0, 0.0, 0.0, 1.0, 1.0, 0.0, 1.0, 1.0, 1.0, 1.0, 0.0, 1.0, 1.0, 1.0, 3.0, 2.0, 2.0, 1.0, 3.0, 3.0, 2.0]",1,1,"[0.0, 1.0, 15.0, 1.0, 0.0, 1.0, 2.0, 3.0, 2.0, 3.0, 0.0, 0.0, 1.0, 1.0, 0.0, 1.0, 1.0, 1.0, 1.0, 0.0, 1.0, 1.0, 1.0, 3.0, 2.0, 2.0, 1.0, 3.0, 3.0, 2.0]",1,False,False,0,10.624,0.4810126582278481
student,2,42,4,20,0,"[0.0, 0.0, 16.0, 1.0, 0.0, 1.0, 3.0, 3.0, 2.0, 2.0, 1.0, 1.0, 1.0, 3.0, 0.0, 0.0, 1.0, 1.0, 0.0, 1.0, 1.0, 1.0, 1.0, 4.0, 3.0, 3.0, 1.0, 3.0, 4.0, 0.0]",1,0,"[0.0, 0.0, 16.6, 1.0, 0.0, 1.0, 3.0, 3.0, 2.0, 2.0, 1.0, 1.0, 1.0, 3.0, 0.0, 0.0, 1.0, 1.0, 0.0, 1.0, 1.0, 1.0, 1.0, 4.0, 3.0, 3.0, 1.0, 3.0, 4.0, 0.0]",2,False,False,0,9.955,0.4810126582278481
student,2,42,4,20,1,"[0.0, 0.0, 16.0, 1.0, 0.0, 1.0, 3.0, 3.0, 2.0, 2.0, 1.0, 1.0, 1.0, 3.0, 0.0, 0.0, 1.0, 1.0, 0.0, 1.0, 1.0, 1.0, 1.0, 4.0, 3.0, 3.0, 1.0, 3.0, 4.0, 0.0]",1,0,"[0.0, 0.0, 16.6, 1.0, 0.0, 1.0, 3.0, 3.0, 2.0, 2.0, 1.0, 1.0, 1.0, 3.0, 0.0, 0.0, 1.0, 1.0, 0.0, 1.0, 1.0, 1.0, 1.0, 4.0, 3.0, 3.0, 1.0, 3.0, 4.0, 0.0]",2,False,False,0,9.977,0.4810126582278481
student,2,42,4,20,2,"[0.0, 0.0, 16.0, 1.0, 0.0, 1.0, 3.0, 3.0, 2.0, 2.0, 1.0, 1.0, 1.0, 3.0, 0.0, 0.0, 1.0, 1.0, 0.0, 1.0, 1.0, 1.0, 1.0, 4.0, 3.0, 3.0, 1.0, 3.0, 4.0, 0.0]",1,0,"[0.0, 0.0, 16.6, 1.0, 0.0, 1.0, 3.0, 3.0, 2.0, 2.0, 1.0, 1.0, 1.0, 3.0, 0.0, 0.0, 1.0, 1.0, 0.0, 1.0, 1.0, 1.0, 1.0, 4.0, 3.0, 3.0, 1.0, 3.0, 4.0, 0.0]",2,False,False,0,11.128,0.4810126582278481
student,2,42,4,20,3,"[0.0, 0.0, 16.0, 1.0, 0.0, 1.0, 3.0, 3.0, 2.0, 2.0, 1.0, 1.0, 1.0, 3.0, 0.0, 0.0, 1.0, 1.0, 0.0, 1.0, 1.0, 1.0, 1.0, 4.0, 3.0, 3.0, 1.0, 3.0, 4.0, 0.0]",1,0,"[0.0, 0.0, 16.6, 1.0, 0.0, 1.0, 3.0, 3.0, 2.0, 2.0, 1.0, 1.0, 1.0, 3.0, 0.0, 0.0, 1.0, 1.0, 0.0, 1.0, 1.0, 1.0, 1.0, 4.0, 3.0, 3.0, 1.0, 3.0, 4.0, 0.0]",2,False,False,0,10.693,0.4810126582278481
student,2,42,4,20,4,"[0.0, 0.0, 16.0, 1.0, 0.0, 1.0, 3.0, 3.0, 2.0, 2.0, 1.0, 1.0, 1.0, 3.0, 0.0, 0.0, 1.0, 1.0, 0.0, 1.0, 1.0, 1.0, 1.0, 4.0, 3.0, 3.0, 1.0, 3.0, 4.0, 0.0]",1,0,"[0.0, 0.0, 16.6, 1.0, 0.0, 1.0, 3.0, 3.0, 2.0, 2.0, 1.0, 1.0, 1.0, 3.0, 0.0, 0.0, 1.0, 1.0, 0.0, 1.0, 1.0, 1.0, 1.0, 4.0, 3.0, 3.0, 1.0, 3.0, 4.0, 0.0]",2,False,False,0,11.664,0.4810126582278481
student,2,42,4,22,0,"[0.0, 0.0, 15.0, 0.0, 0.0, 1.0, 1.0, 1.0, 0.0, 2.0, 1.0, 1.0, 2.0, 4.0, 1.0, 1.0, 1.0, 1.0, 1.0, 1.0, 1.0, 1.0, 0.0, 3.0, 1.0, 2.0, 1.0, 1.0, 1.0, 2.0]",1,1,"[0.0, 0.0, 15.0, 0.0, 0.0, 1.0, 1.0, 1.0, 0.0, 2.0, 1.0, 1.0, 2.0, 4.0, 1.0, 1.0, 1.0, 1.0, 1.0, 1.0, 1.0, 1.0, 0.0, 3.0, 1.0, 2.0, 1.0, 1.0, 1.0, 2.0]",1,False,False,0,10.413,0.4810126582278481
student,2,42,4,22,1,"[0.0, 0.0, 15.0, 0.0, 0.0, 1.0, 1.0, 1.0, 0.0, 2.0, 1.0, 1.0, 2.0, 4.0, 1.0, 1.0, 1.0, 1.0, 1.0, 1.0, 1.0, 1.0, 0.0, 3.0, 1.0, 2.0, 1.0, 1.0, 1.0, 2.0]",1,1,"[0.0, 0.0, 15.0, 0.0, 0.0, 1.0, 1.0, 1.0, 0.0, 2.0, 1.0, 1.0, 2.0, 4.0, 1.0, 1.0, 1.0, 1.0, 1.0, 1.0, 1.0, 1.0, 0.0, 3.0, 1.0, 2.0, 1.0, 1.0, 1.0, 2.0]",1,False,False,0,10.421,0.4810126582278481
student,2,42,4,22,2,"[0.0, 0.0, 15.0, 0.0, 0.0, 1.0, 1.0, 1.0, 0.0, 2.0, 1.0, 1.0, 2.0, 4.0, 1.0, 1.0, 1.0, 1.0, 1.0, 1.0, 1.0, 1.0, 0.0, 3.0, 1.0, 2.0, 1.0, 1.0, 1.0, 2.0]",1,1,"[0.0, 0.0, 15.0, 0.0, 0.0, 1.0, 1.0, 1.0, 0.0, 2.0, 1.0, 1.0, 2.0, 4.0, 1.0, 1.0, 1.0, 1.0, 1.0, 1.0, 1.0, 1.0, 0.0, 3.0, 1.0, 2.0, 1.0, 1.0, 1.0, 2.0]",1,False,False,0,10.285,0.4810126582278481
student,2,42,4,22,3,"[0.0, 0.0, 15.0, 0.0, 0.0, 1.0, 1.0, 1.0, 0.0, 2.0, 1.0, 1.0, 2.0, 4.0, 1.0, 1.0, 1.0, 1.0, 1.0, 1.0, 1.0, 1.0, 0.0, 3.0, 1.0, 2.0, 1.0, 1.0, 1.0, 2.0]",1,1,"[0.0, 0.0, 15.0, 0.0, 0.0, 1.0, 1.0, 1.0, 0.0, 2.0, 1.0, 1.0, 2.0, 4.0, 1.0, 1.0, 1.0, 1.0, 1.0, 1.0, 1.0, 1.0, 0.0, 3.0, 1.0, 2.0, 1.0, 1.0, 1.0, 2.0]",1,False,False,0,10.698,0.4810126582278481
student,2,42,4,22,4,"[0.0, 0.0, 15.0, 0.0, 0.0, 1.0, 1.0, 1.0, 0.0, 2.0, 1.0, 1.0, 2.0, 4.0, 1.0, 1.0, 1.0, 1.0, 1.0, 1.0, 1.0, 1.0, 0.0, 3.0, 1.0, 2.0, 1.0, 1.0, 1.0, 2.0]",1,1,"[0.0, 0.0, 15.0, 0.0, 0.0, 1.0, 1.0, 1.0, 0.0, 2.0, 1.0, 1.0, 2.0, 4.0, 1.0, 1.0, 1.0, 1.0, 1.0, 1.0, 1.0, 1.0, 0.0, 3.0, 1.0, 2.0, 1.0, 1.0, 1.0, 2.0]",1,False,False,0,10.382,0.4810126582278481
student,2,42,4,23,0,"[0.0, 1.0, 16.0, 0.0, 0.0, 1.0, 4.0, 3.0, 3.0, 2.0, 3.0, 1.0, 2.0, 1.0, 0.0, 1.0, 1.0, 0.0, 1.0, 0.0, 1.0, 1.0, 0.0, 3.0, 3.0, 3.0, 1.0, 1.0, 4.0, 2.0]",1,2,"[0.0, 1.0, 16.0, 0.0, 0.0, 1.0, 4.0, 3.0, 3.0, 2.0, 3.0, 1.0, 2.0, 1.0, 0.0, 1.0, 1.0, 0.0, 1.0, 0.0, 1.0, 1.0, 0.0, 3.0, 3.0, 3.0, 1.0, 1.0, 4.0, 2.0]",1,False,False,0,9.804,0.4810126582278481
student,2,42,4,23,1,"[0.0, 1.0, 16.0, 0.0, 0.0, 1.0, 4.0, 3.0, 3.0, 2.0, 3.0, 1.0, 2.0, 1.0, 0.0, 1.0, 1.0, 0.0, 1.0, 0.0, 1.0, 1.0, 0.0, 3.0, 3.0, 3.0, 1.0, 1.0, 4.0, 2.0]",1,2,"[0.0, 1.0, 16.0, 0.0, 0.0, 1.0, 4.0, 3.0, 3.0, 2.0, 3.0, 1.0, 2.0, 1.0, 0.0, 1.0, 1.0, 0.0, 1.0, 0.0, 1.0, 1.0, 0.0, 3.0, 3.0, 3.0, 1.0, 1.0, 4.0, 2.0]",1,False,False,0,9.826,0.4810126582278481
student,2,42,4,23,2,"[0.0, 1.0, 16.0, 0.0, 0.0, 1.0, 4.0, 3.0, 3.0, 2.0, 3.0, 1.0, 2.0, 1.0, 0.0, 1.0, 1.0, 0.0, 1.0, 0.0, 1.0, 1.0, 0.0, 3.0, 3.0, 3.0, 1.0, 1.0, 4.0, 2.0]",1,2,"[0.0, 1.0, 16.0, 0.0, 0.0, 1.0, 4.0, 3.0, 3.0, 2.0, 3.0, 1.0, 2.0, 1.0, 0.0, 1.0, 1.0, 0.0, 1.0, 0.0, 1.0, 1.0, 0.0, 3.0, 3.0, 3.0, 1.0, 1.0, 4.0, 2.0]",1,False,False,0,9.891,0.4810126582278481
student,2,42,4,23,3,"[0.0, 1.0, 16.0, 0.0, 0.0, 1.0, 4.0, 3.0, 3.0, 2.0, 3.0, 1.0, 2.0, 1.0, 0.0, 1.0, 1.0, 0.0, 1.0, 0.0, 1.0, 1.0, 0.0, 3.0, 3.0, 3.0, 1.0, 1.0, 4.0, 2.0]",1,2,"[0.0, 1.0, 16.0, 0.0, 0.0, 1.0, 4.0, 3.0, 3.0, 2.0, 3.0, 1.0, 2.0, 1.0, 0.0, 1.0, 1.0, 0.0, 1.0, 0.0, 1.0, 1.0, 0.0, 3.0, 3.0, 3.0, 1.0, 1.0, 4.0, 2.0]",1,False,False,0,10.536,0.4810126582278481
student,2,42,4,23,4,"[0.0, 1.0, 16.0, 0.0, 0.0, 1.0, 4.0, 3.0, 3.0, 2.0, 3.0, 1.0, 2.0, 1.0, 0.0, 1.0, 1.0, 0.0, 1.0, 0.0, 1.0, 1.0, 0.0, 3.0, 3.0, 3.0, 1.0, 1.0, 4.0, 2.0]",1,2,"[0.0, 1.0, 16.0, 0.0, 0.0, 1.0, 4.0, 3.0, 3.0, 2.0, 3.0, 1.0, 2.0, 1.0, 0.0, 1.0, 1.0, 0.0, 1.0, 0.0, 1.0, 1.0, 0.0, 3.0, 3.0, 3.0, 1.0, 1.0, 4.0, 2.0]",1,False,False,0,10.185,0.4810126582278481
student,2,42,4,25,0,"[0.0, 0.0, 16.0, 1.0, 0.0, 1.0, 4.0, 3.0, 2.0, 0.0, 0.0, 1.0, 1.0, 3.0, 0.0, 1.0, 1.0, 1.0, 0.0, 1.0, 1.0, 1.0, 0.0, 5.0, 3.0, 5.0, 1.0, 1.0, 3.0, 0.0]",0,0,"[0.0, 0.0, 16.0, 1.0, 0.0, 1.0, 4.0, 3.0, 2.0, 0.0, 0.0, 1.0, 1.0, 3.0, 0.0, 1.0, 1.0, 1.0, 0.0, 1.0, 1.0, 1.0, 0.0, 5.0, 3.0, 5.0, 1.0, 1.0, 3.0, 0.0]",0,False,False,0,9.914,0.4810126582278481
student,2,42,4,25,1,"[0.0, 0.0, 16.0, 1.0, 0.0, 1.0, 4.0, 3.0, 2.0, 0.0, 0.0, 1.0, 1.0, 3.0, 0.0, 1.0, 1.0, 1.0, 0.0, 1.0, 1.0, 1.0, 0.0, 5.0, 3.0, 5.0, 1.0, 1.0, 3.0, 0.0]",0,0,"[0.0, 0.0, 16.0, 1.0, 0.0, 1.0, 4.0, 3.0, 2.0, 0.0, 0.0, 1.0, 1.0, 3.0, 0.0, 1.0, 1.0, 1.0, 0.0, 1.0, 1.0, 1.0, 0.0, 5.0, 3.0, 5.0, 1.0, 1.0, 3.0, 0.0]",0,False,False,0,9.922,0.4810126582278481
student,2,42,4,25,2,"[0.0, 0.0, 16.0, 1.0, 0.0, 1.0, 4.0, 3.0, 2.0, 0.0, 0.0, 1.0, 1.0, 3.0, 0.0, 1.0, 1.0, 1.0, 0.0, 1.0, 1.0, 1.0, 0.0, 5.0, 3.0, 5.0, 1.0, 1.0, 3.0, 0.0]",0,0,"[0.0, 0.0, 16.0, 1.0, 0.0, 1.0, 4.0, 3.0, 2.0, 0.0, 0.0, 1.0, 1.0, 3.0, 0.0, 1.0, 1.0, 1.0, 0.0, 1.0, 1.0, 1.0, 0.0, 5.0, 3.0, 5.0, 1.0, 1.0, 3.0, 0.0]",0,False,False,0,9.908,0.4810126582278481
student,2,42,4,25,3,"[0.0, 0.0, 16.0, 1.0, 0.0, 1.0, 4.0, 3.0, 2.0, 0.0, 0.0, 1.0, 1.0, 3.0, 0.0, 1.0, 1.0, 1.0, 0.0, 1.0, 1.0, 1.0, 0.0, 5.0, 3.0, 5.0, 1.0, 1.0, 3.0, 0.0]",0,0,"[0.0, 0.0, 16.0, 1.0, 0.0, 1.0, 4.0, 3.0, 2.0, 0.0, 0.0, 1.0, 1.0, 3.0, 0.0, 1.0, 1.0, 1.0, 0.0, 1.0, 1.0, 1.0, 0.0, 5.0, 3.0, 5.0, 1.0, 1.0, 3.0, 0.0]",0,False,False,0,10.412,0.4810126582278481
student,2,42,4,25,4,"[0.0, 0.0, 16.0, 1.0, 0.0, 1.0, 4.0, 3.0, 2.0, 0.0, 0.0, 1.0, 1.0, 3.0, 0.0, 1.0, 1.0, 1.0, 0.0, 1.0, 1.0, 1.0, 0.0, 5.0, 3.0, 5.0, 1.0, 1.0, 3.0, 0.0]",0,0,"[0.0, 0.0, 16.0, 1.0, 0.0, 1.0, 4.0, 3.0, 2.0, 0.0, 0.0, 1.0, 1.0, 3.0, 0.0, 1.0, 1.0, 1.0, 0.0, 1.0, 1.0, 1.0, 0.0, 5.0, 3.0, 5.0, 1.0, 1.0, 3.0, 0.0]",0,False,False,0,10.553,0.4810126582278481
student,2,42,4,26,0,"[0.0, 0.0, 15.0, 1.0, 0.0, 0.0, 3.0, 3.0, 2.0, 1.0, 3.0, 0.0, 1.0, 4.0, 0.0, 1.0, 0.0, 0.0, 0.0, 1.0, 1.0, 0.0, 0.0, 4.0, 3.0, 3.0, 1.0, 1.0, 4.0, 10.0]",0,1,"[0.0, 0.0, 15.0, 1.0, 0.0, 0.0, 3.0, 3.0, 2.0, 1.0, 3.0, 0.0, 1.0, 4.0, 0.0, 1.0, 0.0, 0.0, 0.0, 1.0, 1.0, 0.0, 0.0, 4.0, 3.0, 3.0, 1.0, 1.0, 4.0, 10.0]",0,False,False,0,9.793,0.4810126582278481
student,2,42,4,26,1,"[0.0, 0.0, 15.0, 1.0, 0.0, 0.0, 3.0, 3.0, 2.0, 1.0, 3.0, 0.0, 1.0, 4.0, 0.0, 1.0, 0.0, 0.0, 0.0, 1.0, 1.0, 0.0, 0.0, 4.0, 3.0, 3.0, 1.0, 1.0, 4.0, 10.0]",0,1,"[0.0, 0.0, 15.0, 1.0, 0.0, 0.0, 3.0, 3.0, 2.0, 1.0, 3.0, 0.0, 1.0, 4.0, 0.0, 1.0, 0.0, 0.0, 0.0, 1.0, 1.0, 0.0, 0.0, 4.0, 3.0, 3.0, 1.0, 1.0, 4.0, 10.0]",0,False,False,0,9.797,0.4810126582278481
student,2,42,4,26,2,"[0.0, 0.0, 15.0, 1.0, 0.0, 0.0, 3.0, 3.0, 2.0, 1.0, 3.0, 0.0, 1.0, 4.0, 0.0, 1.0, 0.0, 0.0, 0.0, 1.0, 1.0, 0.0, 0.0, 4.0, 3.0, 3.0, 1.0, 1.0, 4.0, 10.0]",0,1,"[0.0, 0.0, 15.0, 1.0, 0.0, 0.0, 3.0, 3.0, 2.0, 1.0, 3.0, 0.0, 1.0, 4.0, 0.0, 1.0, 0.0, 0.0, 0.0, 1.0, 1.0, 0.0, 0.0, 4.0, 3.0, 3.0, 1.0, 1.0, 4.0, 10.0]",0,False,False,0,9.835,0.4810126582278481
student,2,42,4,26,3,"[0.0, 0.0, 15.0, 1.0, 0.0, 0.0, 3.0, 3.0, 2.0, 1.0, 3.0, 0.0, 1.0, 4.0, 0.0, 1.0, 0.0, 0.0, 0.0, 1.0, 1.0, 0.0, 0.0, 4.0, 3.0, 3.0, 1.0, 1.0, 4.0, 10.0]",0,1,"[0.0, 0.0, 15.0, 1.0, 0.0, 0.0, 3.0, 3.0, 2.0, 1.0, 3.0, 0.0, 1.0, 4.0, 0.0, 1.0, 0.0, 0.0, 0.0, 1.0, 1.0, 0.0, 0.0, 4.0, 3.0, 3.0, 1.0, 1.0, 4.0, 10.0]",0,False,False,0,10.433,0.4810126582278481
student,2,42,4,26,4,"[0.0, 0.0, 15.0, 1.0, 0.0, 0.0, 3.0, 3.0, 2.0, 1.0, 3.0, 0.0, 1.0, 4.0, 0.0, 1.0, 0.0, 0.0, 0.0, 1.0, 1.0, 0.0, 0.0, 4.0, 3.0, 3.0, 1.0, 1.0, 4.0, 10.0]",0,1,"[0.0, 0.0, 15.0, 1.0, 0.0, 0.0, 3.0, 3.0, 2.0, 1.0, 3.0, 0.0, 1.0, 4.0, 0.0, 1.0, 0.0, 0.0, 0.0, 1.0, 1.0, 0.0, 0.0, 4.0, 3.0, 3.0, 1.0, 1.0, 4.0, 10.0]",0,False,False,0,10.013,0.4810126582278481
student,2,42,4,29,0,"[0.0, 1.0, 15.0, 1.0, 0.0, 1.0, 3.0, 4.0, 3.0, 3.0, 1.0, 0.0, 1.0, 1.0, 0.0, 1.0, 0.0, 0.0, 0.0, 1.0, 1.0, 1.0, 0.0, 5.0, 5.0, 5.0, 3.0, 2.0, 5.0, 0.0]",1,1,"[0.0, 1.0, 15.0, 1.0, 0.0, 1.0, 3.0, 4.0, 3.0, 3.0, 1.0, 0.0, 1.0, 1.0, 0.0, 1.0, 0.0, 0.0, 0.0, 1.0, 1.0, 1.0, 0.0, 5.0, 5.0, 5.0, 3.0, 2.0, 5.0, 0.0]",1,False,False,0,10.164,0.4810126582278481
student,2,42,4,29,1,"[0.0, 1.0, 15.0, 1.0, 0.0, 1.0, 3.0, 4.0, 3.0, 3.0, 1.0, 0.0, 1.0, 1.0, 0.0, 1.0, 0.0, 0.0, 0.0, 1.0, 1.0, 1.0, 0.0, 5.0, 5.0, 5.0, 3.0, 2.0, 5.0, 0.0]",1,1,"[0.0, 1.0, 15.0, 1.0, 0.0, 1.0, 3.0, 4.0, 3.0, 3.0, 1.0, 0.0, 1.0, 1.0, 0.0, 1.0, 0.0, 0.0, 0.0, 1.0, 1.0, 1.0, 0.0, 5.0, 5.0, 5.0, 3.0, 2.0, 5.0, 0.0]",1,False,False,0,10.171,0.4810126582278481
student,2,42,4,29,2,"[0.0, 1.0, 15.0, 1.0, 0.0, 1.0, 3.0, 4.0, 3.0, 3.0, 1.0, 0.0, 1.0, 1.0, 0.0, 1.0, 0.0, 0.0, 0.0, 1.0, 1.0, 1.0, 0.0, 5.0, 5.0, 5.0, 3.0, 2.0, 5.0, 0.0]",1,1,"[0.0, 1.0, 15.0, 1.0, 0.0, 1.0, 3.0, 4.0, 3.0, 3.0, 1.0, 0.0, 1.0, 1.0, 0.0, 1.0, 0.0, 0.0, 0.0, 1.0, 1.0, 1.0, 0.0, 5.0, 5.0, 5.0, 3.0, 2.0, 5.0, 0.0]",1,False,False,0,10.311,0.4810126582278481
student,2,42,4,29,3,"[0.0, 1.0, 15.0, 1.0, 0.0, 1.0, 3.0, 4.0, 3.0, 3.0, 1.0, 0.0, 1.0, 1.0, 0.0, 1.0, 0.0, 0.0, 0.0, 1.0, 1.0, 1.0, 0.0, 5.0, 5.0, 5.0, 3.0, 2.0, 5.0, 0.0]",1,1,"[0.0, 1.0, 15.0, 1.0, 0.0, 1.0, 3.0, 4.0, 3.0, 3.0, 1.0, 0.0, 1.0, 1.0, 0.0, 1.0, 0.0, 0.0, 0.0, 1.0, 1.0, 1.0, 0.0, 5.0, 5.0, 5.0, 3.0, 2.0, 5.0, 0.0]",1,False,False,0,10.932,0.4810126582278481
student,2,42,4,29,4,"[0.0, 1.0, 15.0, 1.0, 0.0, 1.0, 3.0, 4.0, 3.0, 3.0, 1.0, 0.0, 1.0, 1.0, 0.0, 1.0, 0.0, 0.0, 0.0, 1.0, 1.0, 1.0, 0.0, 5.0, 5.0, 5.0, 3.0, 2.0, 5.0, 0.0]",1,1,"[0.0, 1.0, 15.0, 1.0, 0.0, 1.0, 3.0, 4.0, 3.0, 3.0, 1.0, 0.0, 1.0, 1.0, 0.0, 1.0, 0.0, 0.0, 0.0, 1.0, 1.0, 1.0, 0.0, 5.0, 5.0, 5.0, 3.0, 2.0, 5.0, 0.0]",1,False,False,0,11.7,0.4810126582278481
student,2,42,4,31,0,"[0.0, 1.0, 16.0, 1.0, 1.0, 1.0, 1.0, 1.0, 3.0, 2.0, 0.0, 1.0, 1.0, 2.0, 1.0, 0.0, 0.0, 0.0, 0.0, 1.0, 1.0, 0.0, 1.0, 4.0, 4.0, 4.0, 1.0, 3.0, 5.0, 0.0]",0,1,"[0.0, 1.0, 16.0, 1.0, 1.0, 1.0, 1.0, 1.0, 3.0, 2.0, 0.0, 1.0, 1.0, 2.0, 1.0, 0.0, 0.0, 0.0, 0.0, 1.0, 1.0, 0.0, 1.0, 4.0, 4.0, 4.0, 1.0, 3.0, 5.0, 0.0]",0,False,False,0,9.935,0.4810126582278481
student,2,42,4,31,1,"[0.0, 1.0, 16.0, 1.0, 1.0, 1.0, 1.0, 1.0, 3.0, 2.0, 0.0, 1.0, 1.0, 2.0, 1.0, 0.0, 0.0, 0.0, 0.0, 1.0, 1.0, 0.0, 1.0, 4.0, 4.0, 4.0, 1.0, 3.0, 5.0, 0.0]",0,1,"[0.0, 1.0, 16.0, 1.0, 1.0, 1.0, 1.0, 1.0, 3.0, 2.0, 0.0, 1.0, 1.0, 2.0, 1.0, 0.0, 0.0, 0.0, 0.0, 1.0, 1.0, 0.0, 1.0, 4.0, 4.0, 4.0, 1.0, 3.0, 5.0, 0.0]",0,False,False,0,9.939,0.4810126582278481
student,2,42,4,31,2,"[0.0, 1.0, 16.0, 1.0, 1.0, 1.0, 1.0, 1.0, 3.0, 2.0, 0.0, 1.0, 1.0, 2.0, 1.0, 0.0, 0.0, 0.0, 0.0, 1.0, 1.0, 0.0, 1.0, 4.0, 4.0, 4.0, 1.0, 3.0, 5.0, 0.0]",0,1,"[0.0, 1.0, 16.0, 1.0, 1.0, 1.0, 1.0, 1.0, 3.0, 2.0, 0.0, 1.0, 1.0, 2.0, 1.0, 0.0, 0.0, 0.0, 0.0, 1.0, 1.0, 0.0, 1.0, 4.0, 4.0, 4.0, 1.0, 3.0, 5.0, 0.0]",0,False,False,0,10.298,0.4810126582278481
student,2,42,4,31,3,"[0.0, 1.0, 16.0, 1.0, 1.0, 1.0, 1.0, 1.0, 3.0, 2.0, 0.0, 1.0, 1.0, 2.0, 1.0, 0.0, 0.0, 0.0, 0.0, 1.0, 1.0, 0.0, 1.0, 4.0, 4.0, 4.0, 1.0, 3.0, 5.0, 0.0]",0,1,"[0.0, 1.0, 16.0, 1.0, 1.0, 1.0, 1.0, 1.0, 3.0, 2.0, 0.0, 1.0, 1.0, 2.0, 1.0, 0.0, 0.0, 0.0, 0.0, 1.0, 1.0, 0.0, 1.0, 4.0, 4.0, 4.0, 1.0, 3.0, 5.0, 0.0]",0,False,False,0,10.67,0.4810126582278481
student,2,42,4,31,4,"[0.0, 1.0, 16.0, 1.0, 1.0, 1.0, 1.0, 1.0, 3.0, 2.0, 0.0, 1.0, 1.0, 2.0, 1.0, 0.0, 0.0, 0.0, 0.0, 1.0, 1.0, 0.0, 1.0, 4.0, 4.0, 4.0, 1.0, 3.0, 5.0, 0.0]",0,1,"[0.0, 1.0, 16.0, 1.0, 1.0, 1.0, 1.0, 1.0, 3.0, 2.0, 0.0, 1.0, 1.0, 2.0, 1.0, 0.0, 0.0, 0.0, 0.0, 1.0, 1.0, 0.0, 1.0, 4.0, 4.0, 4.0, 1.0, 3.0, 5.0, 0.0]",0,False,False,0,10.381,0.4810126582278481
student,2,42,4,33,0,"[0.0, 1.0, 16.0, 1.0, 1.0, 1.0, 2.0, 1.0, 0.0, 2.0, 0.0, 1.0, 1.0, 1.0, 1.0, 0.0, 0.0, 0.0, 1.0, 1.0, 1.0, 0.0, 1.0, 4.0, 4.0, 4.0, 3.0, 5.0, 5.0, 6.0]",0,2,"[0.0, 1.0, 16.0, 1.0, 1.0, 1.0, 2.0, 1.0, 0.0, 2.0, 0.0, 1.0, 1.0, 1.0, 1.0, 0.0, 0.0, 0.0, 1.0, 1.0, 1.0, 0.0, 1.0, 4.0, 4.0, 4.0, 3.0, 5.0, 5.0, 6.0]",0,False,False,0,9.849,0.4810126582278481
student,2,42,4,33,1,"[0.0, 1.0, 16.0, 1.0, 1.0, 1.0, 2.0, 1.0, 0.0, 2.0, 0.0, 1.0, 1.0, 1.0, 1.0, 0.0, 0.0, 0.0, 1.0, 1.0, 1.0, 0.0, 1.0, 4.0, 4.0, 4.0, 3.0, 5.0, 5.0, 6.0]",0,2,"[0.0, 1.0, 16.0, 1.0, 1.0, 1.0, 2.0, 1.0, 0.0, 2.0, 0.0, 1.0, 1.0, 1.0, 1.0, 0.0, 0.0, 0.0, 1.0, 1.0, 1.0, 0.0, 1.0, 4.0, 4.0, 4.0, 3.0, 5.0, 5.0, 6.0]",0,False,False,0,9.843,0.4810126582278481
student,2,42,4,33,2,"[0.0, 1.0, 16.0, 1.0, 1.0, 1.0, 2.0, 1.0, 0.0, 2.0, 0.0, 1.0, 1.0, 1.0, 1.0, 0.0, 0.0, 0.0, 1.0, 1.0, 1.0, 0.0, 1.0, 4.0, 4.0, 4.0, 3.0, 5.0, 5.0, 6.0]",0,2,"[0.0, 1.0, 16.0, 1.0, 1.0, 1.0, 2.0, 1.0, 0.0, 2.0, 0.0, 1.0, 1.0, 1.0, 1.0, 0.0, 0.0, 0.0, 1.0, 1.0, 1.0, 0.0, 1.0, 4.0, 4.0, 4.0, 3.0, 5.0, 5.0, 6.0]",0,False,False,0,10.32,0.4810126582278481
student,2,42,4,33,3,"[0.0, 1.0, 16.0, 1.0, 1.0, 1.0, 2.0, 1.0, 0.0, 2.0, 0.0, 1.0, 1.0, 1.0, 1.0, 0.0, 0.0, 0.0, 1.0, 1.0, 1.0, 0.0, 1.0, 4.0, 4.0, 4.0, 3.0, 5.0, 5.0, 6.0]",0,2,"[0.0, 1.0, 16.0, 1.0, 1.0, 1.0, 2.0, 1.0, 0.0, 2.0, 0.0, 1.0, 1.0, 1.0, 1.0, 0.0, 0.0, 0.0, 1.0, 1.0, 1.0, 0.0, 1.0, 4.0, 4.0, 4.0, 3.0, 5.0, 5.0, 6.0]",0,False,False,0,10.413,0.4810126582278481
student,2,42,4,33,4,"[0.0, 1.0, 16.0, 1.0, 1.0, 1.0, 2.0, 1.0, 0.0, 2.0, 0.0, 1.0, 1.0, 1.0, 1.0, 0.0, 0.0, 0.0, 1.0, 1.0, 1.0, 0.0, 1.0, 4.0, 4.0, 4.0, 3.0, 5.0, 5.0, 6.0]",0,2,"[0.0, 1.0, 16.0, 1.0, 1.0, 1.0, 2.0, 1.0, 0.0, 2.0, 0.0, 1.0, 1.0, 1.0, 1.0, 0.0, 0.0, 0.0, 1.0, 1.0, 1.0, 0.0, 1.0, 4.0, 4.0, 4.0, 3.0, 5.0, 5.0, 6.0]",0,False,False,0,10.336,0.4810126582278481
student,2,42,4,34,0,"[0.0, 1.0, 19.0, 1.0, 0.0, 1.0, 3.0, 2.0, 3.0, 0.0, 1.0, 1.0, 1.0, 1.0, 3.0, 0.0, 1.0, 0.0, 0.0, 1.0, 0.0, 1.0, 1.0, 4.0, 5.0, 4.0, 1.0, 1.0, 4.0, 0.0]",1,0,"[0.0, 1.0, 19.0, 1.0, 0.0, 1.0, 3.0, 2.0, 3.0, 0.0, 1.0, 1.0, 1.0, 1.0, 3.0, 0.0, 1.0, 0.0, 0.0, 1.0, 0.0, 1.0, 1.0, 4.0, 5.0, 4.0, 1.0, 1.0, 4.0, 0.0]",1,False,False,0,9.997,0.4810126582278481
student,2,42,4,34,1,"[0.0, 1.0, 19.0, 1.0, 0.0, 1.0, 3.0, 2.0, 3.0, 0.0, 1.0, 1.0, 1.0, 1.0, 3.0, 0.0, 1.0, 0.0, 0.0, 1.0, 0.0, 1.0, 1.0, 4.0, 5.0, 4.0, 1.0, 1.0, 4.0, 0.0]",1,0,"[0.0, 1.0, 19.0, 1.0, 0.0, 1.0, 3.0, 2.0, 3.0, 0.0, 1.0, 1.0, 1.0, 1.0, 3.0, 0.0, 1.0, 0.0, 0.0, 1.0, 0.0, 1.0, 1.0, 4.0, 5.0, 4.0, 1.0, 1.0, 4.0, 0.0]",1,False,False,0,9.986,0.4810126582278481
student,2,42,4,34,2,"[0.0, 1.0, 19.0, 1.0, 0.0, 1.0, 3.0, 2.0, 3.0, 0.0, 1.0, 1.0, 1.0, 1.0, 3.0, 0.0, 1.0, 0.0, 0.0, 1.0, 0.0, 1.0, 1.0, 4.0, 5.0, 4.0, 1.0, 1.0, 4.0, 0.0]",1,0,"[0.0, 1.0, 19.0, 1.0, 0.0, 1.0, 3.0, 2.0, 3.0, 0.0, 1.0, 1.0, 1.0, 1.0, 3.0, 0.0, 1.0, 0.0, 0.0, 1.0, 0.0, 1.0, 1.0, 4.0, 5.0, 4.0, 1.0, 1.0, 4.0, 0.0]",1,False,False,0,10.681,0.4810126582278481
student,2,42,4,34,3,"[0.0, 1.0, 19.0, 1.0, 0.0, 1.0, 3.0, 2.0, 3.0, 0.0, 1.0, 1.0, 1.0, 1.0, 3.0, 0.0, 1.0, 0.0, 0.0, 1.0, 0.0, 1.0, 1.0, 4.0, 5.0, 4.0, 1.0, 1.0, 4.0, 0.0]",1,0,"[0.0, 1.0, 19.0, 1.0, 0.0, 1.0, 3.0, 2.0, 3.0, 0.0, 1.0, 1.0, 1.0, 1.0, 3.0, 0.0, 1.0, 0.0, 0.0, 1.0, 0.0, 1.0, 1.0, 4.0, 5.0, 4.0, 1.0, 1.0, 4.0, 0.0]",1,False,False,0,10.799,0.4810126582278481
student,2,42,4,34,4,"[0.0, 1.0, 19.0, 1.0, 0.0, 1.0, 3.0, 2.0, 3.0, 0.0, 1.0, 1.0, 1.0, 1.0, 3.0, 0.0, 1.0, 0.0, 0.0, 1.0, 0.0, 1.0, 1.0, 4.0, 5.0, 4.0, 1.0, 1.0, 4.0, 0.0]",1,0,"[0.0, 1.0, 19.0, 1.0, 0.0, 1.0, 3.0, 2.0, 3.0, 0.0, 1.0, 1.0, 1.0, 1.0, 3.0, 0.0, 1.0, 0.0, 0.0, 1.0, 0.0, 1.0, 1.0, 4.0, 5.0, 4.0, 1.0, 1.0, 4.0, 0.0]",1,False,False,0,10.588,0.4810126582278481
student,2,42,4,35,0,"[0.0, 1.0, 17.0, 0.0, 1.0, 1.0, 1.0, 1.0, 2.0, 3.0, 0.0, 1.0, 4.0, 2.0, 3.0, 0.0, 0.0, 0.0, 1.0, 1.0, 0.0, 0.0, 1.0, 5.0, 3.0, 5.0, 1.0, 5.0, 5.0, 0.0]",0,0,"[0.0, 1.0, 17.0, 0.0, 1.0, 1.0, 1.0, 1.0, 2.0, 3.0, 0.0, 1.0, 4.0, 2.0, 3.0, 0.0, 0.0, 0.0, 1.0, 1.0, 0.0, 0.0, 1.0, 5.0, 3.0, 5.0, 1.0, 5.0, 5.0, 0.0]",0,False,False,0,9.9,0.4810126582278481
student,2,42,4,35,1,"[0.0, 1.0, 17.0, 0.0, 1.0, 1.0, 1.0, 1.0, 2.0, 3.0, 0.0, 1.0, 4.0, 2.0, 3.0, 0.0, 0.0, 0.0, 1.0, 1.0, 0.0, 0.0, 1.0, 5.0, 3.0, 5.0, 1.0, 5.0, 5.0, 0.0]",0,0,"[0.0, 1.0, 17.0, 0.0, 1.0, 1.0, 1.0, 1.0, 2.0, 3.0, 0.0, 1.0, 4.0, 2.0, 3.0, 0.0, 0.0, 0.0, 1.0, 1.0, 0.0, 0.0, 1.0, 5.0, 3.0, 5.0, 1.0, 5.0, 5.0, 0.0]",0,False,False,0,9.908,0.4810126582278481
student,2,42,4,35,2,"[0.0, 1.0, 17.0, 0.0, 1.0, 1.0, 1.0, 1.0, 2.0, 3.0, 0.0, 1.0, 4.0, 2.0, 3.0, 0.0, 0.0, 0.0, 1.0, 1.0, 0.0, 0.0, 1.0, 5.0, 3.0, 5.0, 1.0, 5.0, 5.0, 0.0]",0,0,"[0.0, 1.0, 17.0, 0.0, 1.0, 1.0, 1.0, 1.0, 2.0, 3.0, 0.0, 1.0, 4.0, 2.0, 3.0, 0.0, 0.0, 0.0, 1.0, 1.0, 0.0, 0.0, 1.0, 5.0, 3.0, 5.0, 1.0, 5.0, 5.0, 0.0]",0,False,False,0,10.553,0.4810126582278481
student,2,42,4,35,3,"[0.0, 1.0, 17.0, 0.0, 1.0, 1.0, 1.0, 1.0, 2.0, 3.0, 0.0, 1.0, 4.0, 2.0, 3.0, 0.0, 0.0, 0.0, 1.0, 1.0, 0.0, 0.0, 1.0, 5.0, 3.0, 5.0, 1.0, 5.0, 5.0, 0.0]",0,0,"[0.0, 1.0, 17.0, 0.0, 1.0, 1.0, 1.0, 1.0, 2.0, 3.0, 0.0, 1.0, 4.0, 2.0, 3.0, 0.0, 0.0, 0.0, 1.0, 1.0, 0.0, 0.0, 1.0, 5.0, 3.0, 5.0, 1.0, 5.0, 5.0, 0.0]",0,False,False,0,10.63,0.4810126582278481
student,2,42,4,35,4,"[0.0, 1.0, 17.0, 0.0, 1.0, 1.0, 1.0, 1.0, 2.0, 3.0, 0.0, 1.0, 4.0, 2.0, 3.0, 0.0, 0.0, 0.0, 1.0, 1.0, 0.0, 0.0, 1.0, 5.0, 3.0, 5.0, 1.0, 5.0, 5.0, 0.0]",0,0,"[0.0, 1.0, 17.0, 0.0, 1.0, 1.0, 1.0, 1.0, 2.0, 3.0, 0.0, 1.0, 4.0, 2.0, 3.0, 0.0, 0.0, 0.0, 1.0, 1.0, 0.0, 0.0, 1.0, 5.0, 3.0, 5.0, 1.0, 5.0, 5.0, 0.0]",0,False,False,0,10.767,0.4810126582278481
student,2,42,4,37,0,"[0.0, 0.0, 16.0, 1.0, 0.0, 1.0, 1.0, 3.0, 0.0, 3.0, 1.0, 1.0, 1.0, 2.0, 3.0, 0.0, 0.0, 0.0, 1.0, 0.0, 1.0, 1.0, 1.0, 4.0, 3.0, 5.0, 1.0, 1.0, 3.0, 0.0]",0,0,"[0.0, 0.0, 16.0, 1.0, 0.0, 1.0, 1.0, 3.0, 0.0, 3.0, 1.0, 1.0, 1.0, 2.0, 3.0, 0.0, 0.0, 0.0, 1.0, 0.0, 1.0, 1.0, 1.0, 4.0, 3.0, 5.0, 1.0, 1.0, 3.0, 0.0]",0,False,False,0,9.911,0.4810126582278481
student,2,42,4,37,1,"[0.0, 0.0, 16.0, 1.0, 0.0, 1.0, 1.0, 3.0, 0.0, 3.0, 1.0, 1.0, 1.0, 2.0, 3.0, 0.0, 0.0, 0.0, 1.0, 0.0, 1.0, 1.0, 1.0, 4.0, 3.0, 5.0, 1.0, 1.0, 3.0, 0.0]",0,0,"[0.0, 0.0, 16.0, 1.0, 0.0, 1.0, 1.0, 3.0, 0.0, 3.0, 1.0, 1.0, 1.0, 2.0, 3.0, 0.0, 0.0, 0.0, 1.0, 0.0, 1.0, 1.0, 1.0, 4.0, 3.0, 5.0, 1.0, 1.0, 3.0, 0.0]",0,False,False,0,9.874,0.4810126582278481
student,2,42,4,37,2,"[0.0, 0.0, 16.0, 1.0, 0.0, 1.0, 1.0, 3.0, 0.0, 3.0, 1.0, 1.0, 1.0, 2.0, 3.0, 0.0, 0.0, 0.0, 1.0, 0.0, 1.0, 1.0, 1.0, 4.0, 3.0, 5.0, 1.0, 1.0, 3.0, 0.0]",0,0,"[0.0, 0.0, 16.0, 1.0, 0.0, 1.0, 1.0, 3.0, 0.0, 3.0, 1.0, 1.0, 1.0, 2.0, 3.0, 0.0, 0.0, 0.0, 1.0, 0.0, 1.0, 1.0, 1.0, 4.0, 3.0, 5.0, 1.0, 1.0, 3.0, 0.0]",0,False,False,0,9.871,0.4810126582278481
student,2,42,4,37,3,"[0.0, 0.0, 16.0, 1.0, 0.0, 1.0, 1.0, 3.0, 0.0, 3.0, 1.0, 1.0, 1.0, 2.0, 3.0, 0.0, 0.0, 0.0, 1.0, 0.0, 1.0, 1.0, 1.0, 4.0, 3.0, 5.0, 1.0, 1.0, 3.0, 0.0]",0,0,"[0.0, 0.0, 16.0, 1.0, 0.0, 1.0, 1.0, 3.0, 0.0, 3.0, 1.0, 1.0, 1.0, 2.0, 3.0, 0.0, 0.0, 0.0, 1.0, 0.0, 1.0, 1.0, 1.0, 4.0, 3.0, 5.0, 1.0, 1.0, 3.0, 0.0]",0,False,False,0,9.877,0.4810126582278481
student,2,42,4,37,4,"[0.0, 0.0, 16.0, 1.0, 0.0, 1.0, 1.0, 3.0, 0.0, 3.0, 1.0, 1.0, 1.0, 2.0, 3.0, 0.0, 0.0, 0.0, 1.0, 0.0, 1.0, 1.0, 1.0, 4.0, 3.0, 5.0, 1.0, 1.0, 3.0, 0.0]",0,0,"[0.0, 0.0, 16.0, 1.0, 0.0, 1.0, 1.0, 3.0, 0.0, 3.0, 1.0, 1.0, 1.0, 2.0, 3.0, 0.0, 0.0, 0.0, 1.0, 0.0, 1.0, 1.0, 1.0, 4.0, 3.0, 5.0, 1.0, 1.0, 3.0, 0.0]",0,False,False,0,9.885,0.4810126582278481
student,2,42,4,38,0,"[0.0, 1.0, 17.0, 1.0, 0.0, 1.0, 1.0, 2.0, 0.0, 3.0, 2.0, 2.0, 2.0, 2.0, 0.0, 0.0, 0.0, 1.0, 1.0, 0.0, 1.0, 1.0, 0.0, 4.0, 4.0, 4.0, 4.0, 5.0, 5.0, 12.0]",1,0,"[0.0, 1.0, 17.0, 1.0, 0.0, 1.0, 1.0, 2.0, 0.0, 3.0, 2.0, 2.0, 2.0, 2.0, 0.0, 0.0, 0.0, 1.0, 1.0, 0.0, 1.0, 1.0, 0.0, 4.0, 4.0, 4.0, 4.0, 5.0, 5.0, 12.0]",1,False,False,0,10.116,0.4810126582278481
student,2,42,4,38,1,"[0.0, 1.0, 17.0, 1.0, 0.0, 1.0, 1.0, 2.0, 0.0, 3.0, 2.0, 2.0, 2.0, 2.0, 0.0, 0.0, 0.0, 1.0, 1.0, 0.0, 1.0, 1.0, 0.0, 4.0, 4.0, 4.0, 4.0, 5.0, 5.0, 12.0]",1,0,"[0.0, 1.0, 17.0, 1.0, 0.0, 1.0, 1.0, 2.0, 0.0, 3.0, 2.0, 2.0, 2.0, 2.0, 0.0, 0.0, 0.0, 1.0, 1.0, 0.0, 1.0, 1.0, 0.0, 4.0, 4.0, 4.0, 4.0, 5.0, 5.0, 12.0]",1,False,False,0,9.926,0.4810126582278481
student,2,42,4,38,2,"[0.0, 1.0, 17.0, 1.0, 0.0, 1.0, 1.0, 2.0, 0.0, 3.0, 2.0, 2.0, 2.0, 2.0, 0.0, 0.0, 0.0, 1.0, 1.0, 0.0, 1.0, 1.0, 0.0, 4.0, 4.0, 4.0, 4.0, 5.0, 5.0, 12.0]",1,0,"[0.0, 1.0, 17.0, 1.0, 0.0, 1.0, 1.0, 2.0, 0.0, 3.0, 2.0, 2.0, 2.0, 2.0, 0.0, 0.0, 0.0, 1.0, 1.0, 0.0, 1.0, 1.0, 0.0, 4.0, 4.0, 4.0, 4.0, 5.0, 5.0, 12.0]",1,False,False,0,9.923,0.4810126582278481
student,2,42,4,38,3,"[0.0, 1.0, 17.0, 1.0, 0.0, 1.0, 1.0, 2.0, 0.0, 3.0, 2.0, 2.0, 2.0, 2.0, 0.0, 0.0, 0.0, 1.0, 1.0, 0.0, 1.0, 1.0, 0.0, 4.0, 4.0, 4.0, 4.0, 5.0, 5.0, 12.0]",1,0,"[0.0, 1.0, 17.0, 1.0, 0.0, 1.0, 1.0, 2.0, 0.0, 3.0, 2.0, 2.0, 2.0, 2.0, 0.0, 0.0, 0.0, 1.0, 1.0, 0.0, 1.0, 1.0, 0.0, 4.0, 4.0, 4.0, 4.0, 5.0, 5.0, 12.0]",1,False,False,0,9.919,0.4810126582278481
student,2,42,4,38,4,"[0.0, 1.0, 17.0, 1.0, 0.0, 1.0, 1.0, 2.0, 0.0, 3.0, 2.0, 2.0, 2.0, 2.0, 0.0, 0.0, 0.0, 1.0, 1.0, 0.0, 1.0, 1.0, 0.0, 4.0, 4.0, 4.0, 4.0, 5.0, 5.0, 12.0]",1,0,"[0.0, 1.0, 17.0, 1.0, 0.0, 1.0, 1.0, 2.0, 0.0, 3.0, 2.0, 2.0, 2.0, 2.0, 0.0, 0.0, 0.0, 1.0, 1.0, 0.0, 1.0, 1.0, 0.0, 4.0, 4.0, 4.0, 4.0, 5.0, 5.0, 12.0]",1,False,False,0,9.933,0.4810126582278481
student,2,42,4,39,0,"[0.0, 0.0, 16.0, 1.0, 0.0, 1.0, 4.0, 3.0, 1.0, 2.0, 1.0, 1.0, 1.0, 2.0, 0.0, 0.0, 1.0, 0.0, 1.0, 1.0, 1.0, 1.0, 0.0, 4.0, 3.0, 5.0, 1.0, 5.0, 2.0, 2.0]",0,2,"[0.0, 0.0, 16.0, 1.0, 0.0, 1.0, 4.0, 3.0, 1.0, 2.0, 1.0, 1.0, 1.0, 2.0, 0.0, 0.0, 1.0, 0.0, 1.0, 1.0, 1.0, 1.0, 0.0, 4.0, 3.0, 5.0, 1.0, 5.0, 2.0, 2.0]",0,False,False,0,10.248,0.4810126582278481
student,2,42,4,39,1,"[0.0, 0.0, 16.0, 1.0, 0.0, 1.0, 4.0, 3.0, 1.0, 2.0, 1.0, 1.0, 1.0, 2.0, 0.0, 0.0, 1.0, 0.0, 1.0, 1.0, 1.0, 1.0, 0.0, 4.0, 3.0, 5.0, 1.0, 5.0, 2.0, 2.0]",0,2,"[0.0, 0.0, 16.0, 1.0, 0.0, 1.0, 4.0, 3.0, 1.0, 2.0, 1.0, 1.0, 1.0, 2.0, 0.0, 0.0, 1.0, 0.0, 1.0, 1.0, 1.0, 1.0, 0.0, 4.0, 3.0, 5.0, 1.0, 5.0, 2.0, 2.0]",0,False,False,0,9.812,0.4810126582278481
student,2,42,4,39,2,"[0.0, 0.0, 16.0, 1.0, 0.0, 1.0, 4.0, 3.0, 1.0, 2.0, 1.0, 1.0, 1.0, 2.0, 0.0, 0.0, 1.0, 0.0, 1.0, 1.0, 1.0, 1.0, 0.0, 4.0, 3.0, 5.0, 1.0, 5.0, 2.0, 2.0]",0,2,"[0.0, 0.0, 16.0, 1.0, 0.0, 1.0, 4.0, 3.0, 1.0, 2.0, 1.0, 1.0, 1.0, 2.0, 0.0, 0.0, 1.0, 0.0, 1.0, 1.0, 1.0, 1.0, 0.0, 4.0, 3.0, 5.0, 1.0, 5.0, 2.0, 2.0]",0,False,False,0,9.838,0.4810126582278481
student,2,42,4,39,3,"[0.0, 0.0, 16.0, 1.0, 0.0, 1.0, 4.0, 3.0, 1.0, 2.0, 1.0, 1.0, 1.0, 2.0, 0.0, 0.0, 1.0, 0.0, 1.0, 1.0, 1.0, 1.0, 0.0, 4.0, 3.0, 5.0, 1.0, 5.0, 2.0, 2.0]",0,2,"[0.0, 0.0, 16.0, 1.0, 0.0, 1.0, 4.0, 3.0, 1.0, 2.0, 1.0, 1.0, 1.0, 2.0, 0.0, 0.0, 1.0, 0.0, 1.0, 1.0, 1.0, 1.0, 0.0, 4.0, 3.0, 5.0, 1.0, 5.0, 2.0, 2.0]",0,False,False,0,9.818,0.4810126582278481
student,2,42,4,39,4,"[0.0, 0.0, 16.0, 1.0, 0.0, 1.0, 4.0, 3.0, 1.0, 2.0, 1.0, 1.0, 1.0, 2.0, 0.0, 0.0, 1.0, 0.0, 1.0, 1.0, 1.0, 1.0, 0.0, 4.0, 3.0, 5.0, 1.0, 5.0, 2.0, 2.0]",0,2,"[0.0, 0.0, 16.0, 1.0, 0.0, 1.0, 4.0, 3.0, 1.0, 2.0, 1.0, 1.0, 1.0, 2.0, 0.0, 0.0, 1.0, 0.0, 1.0, 1.0, 1.0, 1.0, 0.0, 4.0, 3.0, 5.0, 1.0, 5.0, 2.0, 2.0]",0,False,False,0,9.82,0.4810126582278481
student,2,42,4,41,0,"[0.0, 0.0, 16.0, 0.0, 0.0, 1.0, 2.0, 2.0, 3.0, 3.0, 3.0, 1.0, 2.0, 4.0, 0.0, 0.0, 1.0, 1.0, 1.0, 0.0, 1.0, 1.0, 0.0, 5.0, 3.0, 5.0, 1.0, 1.0, 5.0, 6.0]",0,1,"[0.0, 0.0, 16.0, 0.0, 0.0, 1.0, 2.0, 2.0, 3.0, 3.0, 3.0, 1.0, 2.0, 4.0, 0.0, 0.0, 1.0, 1.0, 1.0, 0.0, 1.0, 1.0, 0.0, 5.0, 3.0, 5.0, 1.0, 1.0, 5.0, 6.0]",0,False,False,0,10.256,0.4810126582278481
student,2,42,4,41,1,"[0.0, 0.0, 16.0, 0.0, 0.0, 1.0, 2.0, 2.0, 3.0, 3.0, 3.0, 1.0, 2.0, 4.0, 0.0, 0.0, 1.0, 1.0, 1.0, 0.0, 1.0, 1.0, 0.0, 5.0, 3.0, 5.0, 1.0, 1.0, 5.0, 6.0]",0,1,"[0.0, 0.0, 16.0, 0.0, 0.0, 1.0, 2.0, 2.0, 3.0, 3.0, 3.0, 1.0, 2.0, 4.0, 0.0, 0.0, 1.0, 1.0, 1.0, 0.0, 1.0, 1.0, 0.0, 5.0, 3.0, 5.0, 1.0, 1.0, 5.0, 6.0]",0,False,False,0,9.676,0.4810126582278481
student,2,42,4,41,2,"[0.0, 0.0, 16.0, 0.0, 0.0, 1.0, 2.0, 2.0, 3.0, 3.0, 3.0, 1.0, 2.0, 4.0, 0.0, 0.0, 1.0, 1.0, 1.0, 0.0, 1.0, 1.0, 0.0, 5.0, 3.0, 5.0, 1.0, 1.0, 5.0, 6.0]",0,1,"[0.0, 0.0, 16.0, 0.0, 0.0, 1.0, 2.0, 2.0, 3.0, 3.0, 3.0, 1.0, 2.0, 4.0, 0.0, 0.0, 1.0, 1.0, 1.0, 0.0, 1.0, 1.0, 0.0, 5.0, 3.0, 5.0, 1.0, 1.0, 5.0, 6.0]",0,False,False,0,9.681,0.4810126582278481
student,2,42,4,41,3,"[0.0, 0.0, 16.0, 0.0, 0.0, 1.0, 2.0, 2.0, 3.0, 3.0, 3.0, 1.0, 2.0, 4.0, 0.0, 0.0, 1.0, 1.0, 1.0, 0.0, 1.0, 1.0, 0.0, 5.0, 3.0, 5.0, 1.0, 1.0, 5.0, 6.0]",0,1,"[0.0, 0.0, 16.0, 0.0, 0.0, 1.0, 2.0, 2.0, 3.0, 3.0, 3.0, 1.0, 2.0, 4.0, 0.0, 0.0, 1.0, 1.0, 1.0, 0.0, 1.0, 1.0, 0.0, 5.0, 3.0, 5.0, 1.0, 1.0, 5.0, 6.0]",0,False,False,0,9.655,0.4810126582278481
student,2,42,4,41,4,"[0.0, 0.0, 16.0, 0.0, 0.0, 1.0, 2.0, 2.0, 3.0, 3.0, 3.0, 1.0, 2.0, 4.0, 0.0, 0.0, 1.0, 1.0, 1.0, 0.0, 1.0, 1.0, 0.0, 5.0, 3.0, 5.0, 1.0, 1.0, 5.0, 6.0]",0,1,"[0.0, 0.0, 16.0, 0.0, 0.0, 1.0, 2.0, 2.0, 3.0, 3.0, 3.0, 1.0, 2.0, 4.0, 0.0, 0.0, 1.0, 1.0, 1.0, 0.0, 1.0, 1.0, 0.0, 5.0, 3.0, 5.0, 1.0, 1.0, 5.0, 6.0]",0,False,False,0,9.67,0.4810126582278481
student,2,42,4,42,0,"[0.0, 0.0, 16.0, 1.0, 0.0, 1.0, 1.0, 1.0, 0.0, 2.0, 1.0, 1.0, 2.0, 1.0, 0.0, 0.0, 1.0, 1.0, 0.0, 1.0, 1.0, 0.0, 0.0, 4.0, 3.0, 2.0, 1.0, 4.0, 5.0, 6.0]",1,1,"[0.0, 0.0, 16.0, 1.0, 0.0, 1.0, 1.0, 1.0, 0.0, 2.0, 1.0, 1.0, 2.0, 1.0, 0.0, 0.0, 1.0, 1.0, 0.0, 1.0, 1.0, 0.0, 0.0, 4.0, 3.0, 2.0, 1.0, 4.0, 5.0, 6.0]",1,False,False,0,10.439,0.4810126582278481
student,2,42,4,42,1,"[0.0, 0.0, 16.0, 1.0, 0.0, 1.0, 1.0, 1.0, 0.0, 2.0, 1.0, 1.0, 2.0, 1.0, 0.0, 0.0, 1.0, 1.0, 0.0, 1.0, 1.0, 0.0, 0.0, 4.0, 3.0, 2.0, 1.0, 4.0, 5.0, 6.0]",1,1,"[0.0, 0.0, 16.0, 1.0, 0.0, 1.0, 1.0, 1.0, 0.0, 2.0, 1.0, 1.0, 2.0, 1.0, 0.0, 0.0, 1.0, 1.0, 0.0, 1.0, 1.0, 0.0, 0.0, 4.0, 3.0, 2.0, 1.0, 4.0, 5.0, 6.0]",1,False,False,0,9.917,0.4810126582278481
student,2,42,4,42,2,"[0.0, 0.0, 16.0, 1.0, 0.0, 1.0, 1.0, 1.0, 0.0, 2.0, 1.0, 1.0, 2.0, 1.0, 0.0, 0.0, 1.0, 1.0, 0.0, 1.0, 1.0, 0.0, 0.0, 4.0, 3.0, 2.0, 1.0, 4.0, 5.0, 6.0]",1,1,"[0.0, 0.0, 16.0, 1.0, 0.0, 1.0, 1.0, 1.0, 0.0, 2.0, 1.0, 1.0, 2.0, 1.0, 0.0, 0.0, 1.0, 1.0, 0.0, 1.0, 1.0, 0.0, 0.0, 4.0, 3.0, 2.0, 1.0, 4.0, 5.0, 6.0]",1,False,False,0,9.999,0.4810126582278481
student,2,42,4,42,3,"[0.0, 0.0, 16.0, 1.0, 0.0, 1.0, 1.0, 1.0, 0.0, 2.0, 1.0, 1.0, 2.0, 1.0, 0.0, 0.0, 1.0, 1.0, 0.0, 1.0, 1.0, 0.0, 0.0, 4.0, 3.0, 2.0, 1.0, 4.0, 5.0, 6.0]",1,1,"[0.0, 0.0, 16.0, 1.0, 0.0, 1.0, 1.0, 1.0, 0.0, 2.0, 1.0, 1.0, 2.0, 1.0, 0.0, 0.0, 1.0, 1.0, 0.0, 1.0, 1.0, 0.0, 0.0, 4.0, 3.0, 2.0, 1.0, 4.0, 5.0, 6.0]",1,False,False,0,9.915,0.4810126582278481
student,2,42,4,42,4,"[0.0, 0.0, 16.0, 1.0, 0.0, 1.0, 1.0, 1.0, 0.0, 2.0, 1.0, 1.0, 2.0, 1.0, 0.0, 0.0, 1.0, 1.0, 0.0, 1.0, 1.0, 0.0, 0.0, 4.0, 3.0, 2.0, 1.0, 4.0, 5.0, 6.0]",1,1,"[0.0, 0.0, 16.0, 1.0, 0.0, 1.0, 1.0, 1.0, 0.0, 2.0, 1.0, 1.0, 2.0, 1.0, 0.0, 0.0, 1.0, 1.0, 0.0, 1.0, 1.0, 0.0, 0.0, 4.0, 3.0, 2.0, 1.0, 4.0, 5.0, 6.0]",1,False,False,0,9.912,0.4810126582278481
student,2,42,4,43,0,"[0.0, 1.0, 18.0, 1.0, 0.0, 1.0, 2.0, 2.0, 3.0, 2.0, 1.0, 1.0, 1.0, 2.0, 1.0, 0.0, 1.0, 1.0, 1.0, 1.0, 1.0, 1.0, 0.0, 4.0, 4.0, 4.0, 2.0, 4.0, 5.0, 15.0]",0,0,"[0.0, 1.0, 18.0, 1.0, 0.0, 1.0, 2.0, 2.0, 3.0, 2.0, 1.0, 1.0, 1.0, 2.0, 1.0, 0.0, 1.0, 1.0, 1.0, 1.0, 1.0, 1.0, 0.0, 4.0, 4.0, 4.0, 2.0, 4.0, 5.0, 15.0]",0,False,False,0,10.669,0.4810126582278481
student,2,42,4,43,1,"[0.0, 1.0, 18.0, 1.0, 0.0, 1.0, 2.0, 2.0, 3.0, 2.0, 1.0, 1.0, 1.0, 2.0, 1.0, 0.0, 1.0, 1.0, 1.0, 1.0, 1.0, 1.0, 0.0, 4.0, 4.0, 4.0, 2.0, 4.0, 5.0, 15.0]",0,0,"[0.0, 1.0, 18.0, 1.0, 0.0, 1.0, 2.0, 2.0, 3.0, 2.0, 1.0, 1.0, 1.0, 2.0, 1.0, 0.0, 1.0, 1.0, 1.0, 1.0, 1.0, 1.0, 0.0, 4.0, 4.0, 4.0, 2.0, 4.0, 5.0, 15.0]",0,False,False,0,10.078,0.4810126582278481
student,2,42,4,43,2,"[0.0, 1.0, 18.0, 1.0, 0.0, 1.0, 2.0, 2.0, 3.0, 2.0, 1.0, 1.0, 1.0, 2.0, 1.0, 0.0, 1.0, 1.0, 1.0, 1.0, 1.0, 1.0, 0.0, 4.0, 4.0, 4.0, 2.0, 4.0, 5.0, 15.0]",0,0,"[0.0, 1.0, 18.0, 1.0, 0.0, 1.0, 2.0, 2.0, 3.0, 2.0, 1.0, 1.0, 1.0, 2.0, 1.0, 0.0, 1.0, 1.0, 1.0, 1.0, 1.0, 1.0, 0.0, 4.0, 4.0, 4.0, 2.0, 4.0, 5.0, 15.0]",0,False,False,0,10.156,0.4810126582278481
student,2,42,4,43,3,"[0.0, 1.0, 18.0, 1.0, 0.0, 1.0, 2.0, 2.0, 3.0, 2.0, 1.0, 1.0, 1.0, 2.0, 1.0, 0.0, 1.0, 1.0, 1.0, 1.0, 1.0, 1.0, 0.0, 4.0, 4.0, 4.0, 2.0, 4.0, 5.0, 15.0]",0,0,"[0.0, 1.0, 18.0, 1.0, 0.0, 1.0, 2.0, 2.0, 3.0, 2.0, 1.0, 1.0, 1.0, 2.0, 1.0, 0.0, 1.0, 1.0, 1.0, 1.0, 1.0, 1.0, 0.0, 4.0, 4.0, 4.0, 2.0, 4.0, 5.0, 15.0]",0,False,False,0,10.141,0.4810126582278481
student,2,42,4,43,4,"[0.0, 1.0, 18.0, 1.0, 0.0, 1.0, 2.0, 2.0, 3.0, 2.0, 1.0, 1.0, 1.0, 2.0, 1.0, 0.0, 1.0, 1.0, 1.0, 1.0, 1.0, 1.0, 0.0, 4.0, 4.0, 4.0, 2.0, 4.0, 5.0, 15.0]",0,0,"[0.0, 1.0, 18.0, 1.0, 0.0, 1.0, 2.0, 2.0, 3.0, 2.0, 1.0, 1.0, 1.0, 2.0, 1.0, 0.0, 1.0, 1.0, 1.0, 1.0, 1.0, 1.0, 0.0, 4.0, 4.0, 4.0, 2.0, 4.0, 5.0, 15.0]",0,False,False,0,10.089,0.4810126582278481
student,2,42,4,45,0,"[0.0, 0.0, 17.0, 1.0, 0.0, 1.0, 4.0, 3.0, 2.0, 2.0, 3.0, 1.0, 1.0, 2.0, 2.0, 0.0, 0.0, 1.0, 0.0, 1.0, 1.0, 1.0, 1.0, 3.0, 4.0, 5.0, 2.0, 4.0, 1.0, 22.0]",0,0,"[0.0, 0.0, 17.0, 1.0, 0.0, 1.0, 4.0, 3.0, 2.0, 2.0, 3.0, 1.0, 1.0, 2.0, 2.0, 0.0, 0.0, 1.0, 0.0, 1.0, 1.0, 1.0, 1.0, 3.0, 4.0, 5.0, 2.0, 4.0, 1.0, 22.0]",0,False,False,0,9.993,0.4810126582278481
student,2,42,4,45,1,"[0.0, 0.0, 17.0, 1.0, 0.0, 1.0, 4.0, 3.0, 2.0, 2.0, 3.0, 1.0, 1.0, 2.0, 2.0, 0.0, 0.0, 1.0, 0.0, 1.0, 1.0, 1.0, 1.0, 3.0, 4.0, 5.0, 2.0, 4.0, 1.0, 22.0]",0,0,"[0.0, 0.0, 17.0, 1.0, 0.0, 1.0, 4.0, 3.0, 2.0, 2.0, 3.0, 1.0, 1.0, 2.0, 2.0, 0.0, 0.0, 1.0, 0.0, 1.0, 1.0, 1.0, 1.0, 3.0, 4.0, 5.0, 2.0, 4.0, 1.0, 22.0]",0,False,False,0,9.845,0.4810126582278481
student,2,42,4,45,2,"[0.0, 0.0, 17.0, 1.0, 0.0, 1.0, 4.0, 3.0, 2.0, 2.0, 3.0, 1.0, 1.0, 2.0, 2.0, 0.0, 0.0, 1.0, 0.0, 1.0, 1.0, 1.0, 1.0, 3.0, 4.0, 5.0, 2.0, 4.0, 1.0, 22.0]",0,0,"[0.0, 0.0, 17.0, 1.0, 0.0, 1.0, 4.0, 3.0, 2.0, 2.0, 3.0, 1.0, 1.0, 2.0, 2.0, 0.0, 0.0, 1.0, 0.0, 1.0, 1.0, 1.0, 1.0, 3.0, 4.0, 5.0, 2.0, 4.0, 1.0, 22.0]",0,False,False,0,9.847,0.4810126582278481
student,2,42,4,45,3,"[0.0, 0.0, 17.0, 1.0, 0.0, 1.0, 4.0, 3.0, 2.0, 2.0, 3.0, 1.0, 1.0, 2.0, 2.0, 0.0, 0.0, 1.0, 0.0, 1.0, 1.0, 1.0, 1.0, 3.0, 4.0, 5.0, 2.0, 4.0, 1.0, 22.0]",0,0,"[0.0, 0.0, 17.0, 1.0, 0.0, 1.0, 4.0, 3.0, 2.0, 2.0, 3.0, 1.0, 1.0, 2.0, 2.0, 0.0, 0.0, 1.0, 0.0, 1.0, 1.0, 1.0, 1.0, 3.0, 4.0, 5.0, 2.0, 4.0, 1.0, 22.0]",0,False,False,0,9.907,0.4810126582278481
student,2,42,4,45,4,"[0.0, 0.0, 17.0, 1.0, 0.0, 1.0, 4.0, 3.0, 2.0, 2.0, 3.0, 1.0, 1.0, 2.0, 2.0, 0.0, 0.0, 1.0, 0.0, 1.0, 1.0, 1.0, 1.0, 3.0, 4.0, 5.0, 2.0, 4.0, 1.0, 22.0]",0,0,"[0.0, 0.0, 17.0, 1.0, 0.0, 1.0, 4.0, 3.0, 2.0, 2.0, 3.0, 1.0, 1.0, 2.0, 2.0, 0.0, 0.0, 1.0, 0.0, 1.0, 1.0, 1.0, 1.0, 3.0, 4.0, 5.0, 2.0, 4.0, 1.0, 22.0]",0,False,False,0,9.85,0.4810126582278481
student,2,42,4,46,0,"[0.0, 0.0, 17.0, 1.0, 0.0, 1.0, 2.0, 2.0, 0.0, 0.0, 0.0, 1.0, 1.0, 3.0, 0.0, 0.0, 1.0, 1.0, 1.0, 1.0, 1.0, 1.0, 0.0, 4.0, 3.0, 3.0, 1.0, 1.0, 4.0, 4.0]",0,1,"[0.0, 0.0, 17.0, 1.0, 0.0, 1.0, 2.0, 2.0, 0.0, 0.0, 0.0, 1.0, 1.0, 3.0, 0.0, 0.0, 1.0, 1.0, 1.0, 1.0, 1.0, 1.0, 0.0, 4.0, 3.0, 3.0, 1.0, 1.0, 4.0, 4.0]",0,False,False,0,10.651,0.4810126582278481
student,2,42,4,46,1,"[0.0, 0.0, 17.0, 1.0, 0.0, 1.0, 2.0, 2.0, 0.0, 0.0, 0.0, 1.0, 1.0, 3.0, 0.0, 0.0, 1.0, 1.0, 1.0, 1.0, 1.0, 1.0, 0.0, 4.0, 3.0, 3.0, 1.0, 1.0, 4.0, 4.0]",0,1,"[0.0, 0.0, 17.0, 1.0, 0.0, 1.0, 2.0, 2.0, 0.0, 0.0, 0.0, 1.0, 1.0, 3.0, 0.0, 0.0, 1.0, 1.0, 1.0, 1.0, 1.0, 1.0, 0.0, 4.0, 3.0, 3.0, 1.0, 1.0, 4.0, 4.0]",0,False,False,0,10.582,0.4810126582278481
student,2,42,4,46,2,"[0.0, 0.0, 17.0, 1.0, 0.0, 1.0, 2.0, 2.0, 0.0, 0.0, 0.0, 1.0, 1.0, 3.0, 0.0, 0.0, 1.0, 1.0, 1.0, 1.0, 1.0, 1.0, 0.0, 4.0, 3.0, 3.0, 1.0, 1.0, 4.0, 4.0]",0,1,"[0.0, 0.0, 17.0, 1.0, 0.0, 1.0, 2.0, 2.0, 0.0, 0.0, 0.0, 1.0, 1.0, 3.0, 0.0, 0.0, 1.0, 1.0, 1.0, 1.0, 1.0, 1.0, 0.0, 4.0, 3.0, 3.0, 1.0, 1.0, 4.0, 4.0]",0,False,False,0,10.59,0.4810126582278481
student,2,42,4,46,3,"[0.0, 0.0, 17.0, 1.0, 0.0, 1.0, 2.0, 2.0, 0.0, 0.0, 0.0, 1.0, 1.0, 3.0, 0.0, 0.0, 1.0, 1.0, 1.0, 1.0, 1.0, 1.0, 0.0, 4.0, 3.0, 3.0, 1.0, 1.0, 4.0, 4.0]",0,1,"[0.0, 0.0, 17.0, 1.0, 0.0, 1.0, 2.0, 2.0, 0.0, 0.0, 0.0, 1.0, 1.0, 3.0, 0.0, 0.0, 1.0, 1.0, 1.0, 1.0, 1.0, 1.0, 0.0, 4.0, 3.0, 3.0, 1.0, 1.0, 4.0, 4.0]",0,False,False,0,10.591,0.4810126582278481
student,2,42,4,46,4,"[0.0, 0.0, 17.0, 1.0, 0.0, 1.0, 2.0, 2.0, 0.0, 0.0, 0.0, 1.0, 1.0, 3.0, 0.0, 0.0, 1.0, 1.0, 1.0, 1.0, 1.0, 1.0, 0.0, 4.0, 3.0, 3.0, 1.0, 1.0, 4.0, 4.0]",0,1,"[0.0, 0.0, 17.0, 1.0, 0.0, 1.0, 2.0, 2.0, 0.0, 0.0, 0.0, 1.0, 1.0, 3.0, 0.0, 0.0, 1.0, 1.0, 1.0, 1.0, 1.0, 1.0, 0.0, 4.0, 3.0, 3.0, 1.0, 1.0, 4.0, 4.0]",0,False,False,0,10.585,0.4810126582278481
student,2,42,4,48,0,"[0.0, 0.0, 16.0, 1.0, 0.0, 1.0, 2.0, 1.0, 2.0, 2.0, 1.0, 1.0, 1.0, 1.0, 0.0, 0.0, 0.0, 0.0, 0.0, 1.0, 1.0, 1.0, 1.0, 4.0, 5.0, 2.0, 1.0, 1.0, 5.0, 20.0]",0,1,"[0.0, 0.0, 16.0, 1.0, 0.0, 1.0, 2.0, 1.0, 2.0, 2.0, 1.0, 1.0, 1.0, 1.0, 0.0, 0.0, 0.0, 0.0, 0.0, 1.0, 1.0, 1.0, 1.0, 4.0, 5.0, 2.0, 1.0, 1.0, 5.0, 20.0]",0,False,False,0,10.227,0.4810126582278481
student,2,42,4,48,1,"[0.0, 0.0, 16.0, 1.0, 0.0, 1.0, 2.0, 1.0, 2.0, 2.0, 1.0, 1.0, 1.0, 1.0, 0.0, 0.0, 0.0, 0.0, 0.0, 1.0, 1.0, 1.0, 1.0, 4.0, 5.0, 2.0, 1.0, 1.0, 5.0, 20.0]",0,1,"[0.0, 0.0, 16.0, 1.0, 0.0, 1.0, 2.0, 1.0, 2.0, 2.0, 1.0, 1.0, 1.0, 1.0, 0.0, 0.0, 0.0, 0.0, 0.0, 1.0, 1.0, 1.0, 1.0, 4.0, 5.0, 2.0, 1.0, 1.0, 5.0, 20.0]",0,False,False,0,9.814,0.4810126582278481
student,2,42,4,48,2,"[0.0, 0.0, 16.0, 1.0, 0.0, 1.0, 2.0, 1.0, 2.0, 2.0, 1.0, 1.0, 1.0, 1.0, 0.0, 0.0, 0.0, 0.0, 0.0, 1.0, 1.0, 1.0, 1.0, 4.0, 5.0, 2.0, 1.0, 1.0, 5.0, 20.0]",0,1,"[0.0, 0.0, 16.0, 1.0, 0.0, 1.0, 2.0, 1.0, 2.0, 2.0, 1.0, 1.0, 1.0, 1.0, 0.0, 0.0, 0.0, 0.0, 0.0, 1.0, 1.0, 1.0, 1.0, 4.0, 5.0, 2.0, 1.0, 1.0, 5.0, 20.0]",0,False,False,0,9.838,0.4810126582278481
student,2,42,4,48,3,"[0.0, 0.0, 16.0, 1.0, 0.0, 1.0, 2.0, 1.0, 2.0, 2.0, 1.0, 1.0, 1.0, 1.0, 0.0, 0.0, 0.0, 0.0, 0.0, 1.0, 1.0, 1.0, 1.0, 4.0, 5.0, 2.0, 1.0, 1.0, 5.0, 20.0]",0,1,"[0.0, 0.0, 16.0, 1.0, 0.0, 1.0, 2.0, 1.0, 2.0, 2.0, 1.0, 1.0, 1.0, 1.0, 0.0, 0.0, 0.0, 0.0, 0.0, 1.0, 1.0, 1.0, 1.0, 4.0, 5.0, 2.0, 1.0, 1.0, 5.0, 20.0]",0,False,False,0,9.806,0.4810126582278481
student,2,42,4,48,4,"[0.0, 0.0, 16.0, 1.0, 0.0, 1.0, 2.0, 1.0, 2.0, 2.0, 1.0, 1.0, 1.0, 1.0, 0.0, 0.0, 0.0, 0.0, 0.0, 1.0, 1.0, 1.0, 1.0, 4.0, 5.0, 2.0, 1.0, 1.0, 5.0, 20.0]",0,1,"[0.0, 0.0, 16.0, 1.0, 0.0, 1.0, 2.0, 1.0, 2.0, 2.0, 1.0, 1.0, 1.0, 1.0, 0.0, 0.0, 0.0, 0.0, 0.0, 1.0, 1.0, 1.0, 1.0, 4.0, 5.0, 2.0, 1.0, 1.0, 5.0, 20.0]",0,False,False,0,9.815,0.4810126582278481
student,2,42,4,49,0,"[0.0, 0.0, 17.0, 0.0, 0.0, 1.0, 2.0, 1.0, 0.0, 3.0, 0.0, 1.0, 3.0, 2.0, 0.0, 0.0, 0.0, 0.0, 1.0, 1.0, 1.0, 0.0, 0.0, 2.0, 1.0, 1.0, 1.0, 1.0, 3.0, 2.0]",0,1,"[0.0, 0.0, 17.0, 0.0, 0.0, 1.0, 2.0, 1.0, 0.0, 3.0, 0.0, 1.0, 3.0, 2.0, 0.0, 0.0, 0.0, 0.0, 1.0, 1.0, 1.0, 0.0, 0.0, 2.0, 1.0, 1.0, 1.0, 1.0, 3.0, 2.0]",0,False,False,0,10.01,0.4810126582278481
student,2,42,4,49,1,"[0.0, 0.0, 17.0, 0.0, 0.0, 1.0, 2.0, 1.0, 0.0, 3.0, 0.0, 1.0, 3.0, 2.0, 0.0, 0.0, 0.0, 0.0, 1.0, 1.0, 1.0, 0.0, 0.0, 2.0, 1.0, 1.0, 1.0, 1.0, 3.0, 2.0]",0,1,"[0.0, 0.0, 17.0, 0.0, 0.0, 1.0, 2.0, 1.0, 0.0, 3.0, 0.0, 1.0, 3.0, 2.0, 0.0, 0.0, 0.0, 0.0, 1.0, 1.0, 1.0, 0.0, 0.0, 2.0, 1.0, 1.0, 1.0, 1.0, 3.0, 2.0]",0,False,False,0,9.87,0.4810126582278481
student,2,42,4,49,2,"[0.0, 0.0, 17.0, 0.0, 0.0, 1.0, 2.0, 1.0, 0.0, 3.0, 0.0, 1.0, 3.0, 2.0, 0.0, 0.0, 0.0, 0.0, 1.0, 1.0, 1.0, 0.0, 0.0, 2.0, 1.0, 1.0, 1.0, 1.0, 3.0, 2.0]",0,1,"[0.0, 0.0, 17.0, 0.0, 0.0, 1.0, 2.0, 1.0, 0.0, 3.0, 0.0, 1.0, 3.0, 2.0, 0.0, 0.0, 0.0, 0.0, 1.0, 1.0, 1.0, 0.0, 0.0, 2.0, 1.0, 1.0, 1.0, 1.0, 3.0, 2.0]",0,False,False,0,9.876,0.4810126582278481
student,2,42,4,49,3,"[0.0, 0.0, 17.0, 0.0, 0.0, 1.0, 2.0, 1.0, 0.0, 3.0, 0.0, 1.0, 3.0, 2.0, 0.0, 0.0, 0.0, 0.0, 1.0, 1.0, 1.0, 0.0, 0.0, 2.0, 1.0, 1.0, 1.0, 1.0, 3.0, 2.0]",0,1,"[0.0, 0.0, 17.0, 0.0, 0.0, 1.0, 2.0, 1.0, 0.0, 3.0, 0.0, 1.0, 3.0, 2.0, 0.0, 0.0, 0.0, 0.0, 1.0, 1.0, 1.0, 0.0, 0.0, 2.0, 1.0, 1.0, 1.0, 1.0, 3.0, 2.0]",0,False,False,0,9.868,0.4810126582278481
student,2,42,4,49,4,"[0.0, 0.0, 17.0, 0.0, 0.0, 1.0, 2.0, 1.0, 0.0, 3.0, 0.0, 1.0, 3.0, 2.0, 0.0, 0.0, 0.0, 0.0, 1.0, 1.0, 1.0, 0.0, 0.0, 2.0, 1.0, 1.0, 1.0, 1.0, 3.0, 2.0]",0,1,"[0.0, 0.0, 17.0, 0.0, 0.0, 1.0, 2.0, 1.0, 0.0, 3.0, 0.0, 1.0, 3.0, 2.0, 0.0, 0.0, 0.0, 0.0, 1.0, 1.0, 1.0, 0.0, 0.0, 2.0, 1.0, 1.0, 1.0, 1.0, 3.0, 2.0]",0,False,False,0,9.878,0.4810126582278481
student,2,42,4,50,0,"[0.0, 0.0, 18.0, 1.0, 0.0, 1.0, 2.0, 1.0, 2.0, 2.0, 0.0, 2.0, 2.0, 3.0, 0.0, 0.0, 1.0, 1.0, 0.0, 0.0, 1.0, 1.0, 1.0, 4.0, 4.0, 4.0, 1.0, 1.0, 3.0, 0.0]",0,0,"[0.0, 0.0, 18.0, 1.0, 0.0, 1.0, 2.0, 1.0, 2.0, 2.0, 0.0, 2.0, 2.0, 3.0, 0.0, 0.0, 1.0, 1.0, 0.0, 0.0, 1.0, 1.0, 1.0, 4.0, 4.0, 4.0, 1.0, 1.0, 3.0, 0.0]",0,False,False,0,10.428,0.4810126582278481
student,2,42,4,50,1,"[0.0, 0.0, 18.0, 1.0, 0.0, 1.0, 2.0, 1.0, 2.0, 2.0, 0.0, 2.0, 2.0, 3.0, 0.0, 0.0, 1.0, 1.0, 0.0, 0.0, 1.0, 1.0, 1.0, 4.0, 4.0, 4.0, 1.0, 1.0, 3.0, 0.0]",0,0,"[0.0, 0.0, 18.0, 1.0, 0.0, 1.0, 2.0, 1.0, 2.0, 2.0, 0.0, 2.0, 2.0, 3.0, 0.0, 0.0, 1.0, 1.0, 0.0, 0.0, 1.0, 1.0, 1.0, 4.0, 4.0, 4.0, 1.0, 1.0, 3.0, 0.0]",0,False,False,0,9.929,0.4810126582278481
student,2,42,4,50,2,"[0.0, 0.0, 18.0, 1.0, 0.0, 1.0, 2.0, 1.0, 2.0, 2.0, 0.0, 2.0, 2.0, 3.0, 0.0, 0.0, 1.0, 1.0, 0.0, 0.0, 1.0, 1.0, 1.0, 4.0, 4.0, 4.0, 1.0, 1.0, 3.0, 0.0]",0,0,"[0.0, 0.0, 18.0, 1.0, 0.0, 1.0, 2.0, 1.0, 2.0, 2.0, 0.0, 2.0, 2.0, 3.0, 0.0, 0.0, 1.0, 1.0, 0.0, 0.0, 1.0, 1.0, 1.0, 4.0, 4.0, 4.0, 1.0, 1.0, 3.0, 0.0]",0,False,False,0,9.962,0.4810126582278481
student,2,42,4,50,3,"[0.0, 0.0, 18.0, 1.0, 0.0, 1.0, 2.0, 1.0, 2.0, 2.0, 0.0, 2.0, 2.0, 3.0, 0.0, 0.0, 1.0, 1.0, 0.0, 0.0, 1.0, 1.0, 1.0, 4.0, 4.0, 4.0, 1.0, 1.0, 3.0, 0.0]",0,0,"[0.0, 0.0, 18.0, 1.0, 0.0, 1.0, 2.0, 1.0, 2.0, 2.0, 0.0, 2.0, 2.0, 3.0, 0.0, 0.0, 1.0, 1.0, 0.0, 0.0, 1.0, 1.0, 1.0, 4.0, 4.0, 4.0, 1.0, 1.0, 3.0, 0.0]",0,False,False,0,10.006,0.4810126582278481
student,2,42,4,50,4,"[0.0, 0.0, 18.0, 1.0, 0.0, 1.0, 2.0, 1.0, 2.0, 2.0, 0.0, 2.0, 2.0, 3.0, 0.0, 0.0, 1.0, 1.0, 0.0, 0.0, 1.0, 1.0, 1.0, 4.0, 4.0, 4.0, 1.0, 1.0, 3.0, 0.0]",0,0,"[0.0, 0.0, 18.0, 1.0, 0.0, 1.0, 2.0, 1.0, 2.0, 2.0, 0.0, 2.0, 2.0, 3.0, 0.0, 0.0, 1.0, 1.0, 0.0, 0.0, 1.0, 1.0, 1.0, 4.0, 4.0, 4.0, 1.0, 1.0, 3.0, 0.0]",0,False,False,0,9.952,0.4810126582278481
student,2,42,4,51,0,"[0.0, 1.0, 22.0, 1.0, 0.0, 1.0, 3.0, 1.0, 3.0, 3.0, 2.0, 1.0, 1.0, 1.0, 3.0, 0.0, 0.0, 0.0, 0.0, 0.0, 0.0, 1.0, 1.0, 5.0, 4.0, 5.0, 5.0, 5.0, 1.0, 16.0]",1,0,"[0.0, 1.0, 22.0, 1.0, 0.0, 1.0, 3.0, 1.0, 3.0, 3.0, 2.0, 1.0, 1.0, 1.0, 3.0, 0.0, 0.0, 0.0, 0.0, 0.0, 0.0, 1.0, 1.0, 5.0, 4.0, 5.0, 5.0, 5.0, 1.0, 16.0]",1,False,False,0,9.855,0.4810126582278481
student,2,42,4,51,1,"[0.0, 1.0, 22.0, 1.0, 0.0, 1.0, 3.0, 1.0, 3.0, 3.0, 2.0, 1.0, 1.0, 1.0, 3.0, 0.0, 0.0, 0.0, 0.0, 0.0, 0.0, 1.0, 1.0, 5.0, 4.0, 5.0, 5.0, 5.0, 1.0, 16.0]",1,0,"[0.0, 1.0, 22.0, 1.0, 0.0, 1.0, 3.0, 1.0, 3.0, 3.0, 2.0, 1.0, 1.0, 1.0, 3.0, 0.0, 0.0, 0.0, 0.0, 0.0, 0.0, 1.0, 1.0, 5.0, 4.0, 5.0, 5.0, 5.0, 1.0, 16.0]",1,False,False,0,9.72,0.4810126582278481
student,2,42,4,51,2,"[0.0, 1.0, 22.0, 1.0, 0.0, 1.0, 3.0, 1.0, 3.0, 3.0, 2.0, 1.0, 1.0, 1.0, 3.0, 0.0, 0.0, 0.0, 0.0, 0.0, 0.0, 1.0, 1.0, 5.0, 4.0, 5.0, 5.0, 5.0, 1.0, 16.0]",1,0,"[0.0, 1.0, 22.0, 1.0, 0.0, 1.0, 3.0, 1.0, 3.0, 3.0, 2.0, 1.0, 1.0, 1.0, 3.0, 0.0, 0.0, 0.0, 0.0, 0.0, 0.0, 1.0, 1.0, 5.0, 4.0, 5.0, 5.0, 5.0, 1.0, 16.0]",1,False,False,0,9.739,0.4810126582278481
student,2,42,4,51,3,"[0.0, 1.0, 22.0, 1.0, 0.0, 1.0, 3.0, 1.0, 3.0, 3.0, 2.0, 1.0, 1.0, 1.0, 3.0, 0.0, 0.0, 0.0, 0.0, 0.0, 0.0, 1.0, 1.0, 5.0, 4.0, 5.0, 5.0, 5.0, 1.0, 16.0]",1,0,"[0.0, 1.0, 22.0, 1.0, 0.0, 1.0, 3.0, 1.0, 3.0, 3.0, 2.0, 1.0, 1.0, 1.0, 3.0, 0.0, 0.0, 0.0, 0.0, 0.0, 0.0, 1.0, 1.0, 5.0, 4.0, 5.0, 5.0, 5.0, 1.0, 16.0]",1,False,False,0,9.726,0.4810126582278481
student,2,42,4,51,4,"[0.0, 1.0, 22.0, 1.0, 0.0, 1.0, 3.0, 1.0, 3.0, 3.0, 2.0, 1.0, 1.0, 1.0, 3.0, 0.0, 0.0, 0.0, 0.0, 0.0, 0.0, 1.0, 1.0, 5.0, 4.0, 5.0, 5.0, 5.0, 1.0, 16.0]",1,0,"[0.0, 1.0, 22.0, 1.0, 0.0, 1.0, 3.0, 1.0, 3.0, 3.0, 2.0, 1.0, 1.0, 1.0, 3.0, 0.0, 0.0, 0.0, 0.0, 0.0, 0.0, 1.0, 1.0, 5.0, 4.0, 5.0, 5.0, 5.0, 1.0, 16.0]",1,False,False,0,9.692,0.4810126582278481
student,2,42,4,52,0,"[0.0, 1.0, 18.0, 1.0, 0.0, 1.0, 2.0, 1.0, 3.0, 3.0, 2.0, 1.0, 1.0, 1.0, 1.0, 0.0, 0.0, 0.0, 0.0, 0.0, 0.0, 1.0, 0.0, 3.0, 2.0, 5.0, 2.0, 5.0, 5.0, 4.0]",0,0,"[0.0, 1.0, 18.0, 1.0, 0.0, 1.0, 2.0, 1.0, 3.0, 3.0, 2.0, 1.0, 1.0, 1.0, 1.0, 0.0, 0.0, 0.0, 0.0, 0.0, 0.0, 1.0, 0.0, 3.0, 2.0, 5.0, 2.0, 5.0, 5.0, 4.0]",0,False,False,0,10.126,0.4810126582278481
student,2,42,4,52,1,"[0.0, 1.0, 18.0, 1.0, 0.0, 1.0, 2.0, 1.0, 3.0, 3.0, 2.0, 1.0, 1.0, 1.0, 1.0, 0.0, 0.0, 0.0, 0.0, 0.0, 0.0, 1.0, 0.0, 3.0, 2.0, 5.0, 2.0, 5.0, 5.0, 4.0]",0,0,"[0.0, 1.0, 18.0, 1.0, 0.0, 1.0, 2.0, 1.0, 3.0, 3.0, 2.0, 1.0, 1.0, 1.0, 1.0, 0.0, 0.0, 0.0, 0.0, 0.0, 0.0, 1.0, 0.0, 3.0, 2.0, 5.0, 2.0, 5.0, 5.0, 4.0]",0,False,False,0,9.919,0.4810126582278481
student,2,42,4,52,2,"[0.0, 1.0, 18.0, 1.0, 0.0, 1.0, 2.0, 1.0, 3.0, 3.0, 2.0, 1.0, 1.0, 1.0, 1.0, 0.0, 0.0, 0.0, 0.0, 0.0, 0.0, 1.0, 0.0, 3.0, 2.0, 5.0, 2.0, 5.0, 5.0, 4.0]",0,0,"[0.0, 1.0, 18.0, 1.0, 0.0, 1.0, 2.0, 1.0, 3.0, 3.0, 2.0, 1.0, 1.0, 1.0, 1.0, 0.0, 0.0, 0.0, 0.0, 0.0, 0.0, 1.0, 0.0, 3.0, 2.0, 5.0, 2.0, 5.0, 5.0, 4.0]",0,False,False,0,9.982,0.4810126582278481
student,2,42,4,52,3,"[0.0, 1.0, 18.0, 1.0, 0.0, 1.0, 2.0, 1.0, 3.0, 3.0, 2.0, 1.0, 1.0, 1.0, 1.0, 0.0, 0.0, 0.0, 0.0, 0.0, 0.0, 1.0, 0.0, 3.0, 2.0, 5.0, 2.0, 5.0, 5.0, 4.0]",0,0,"[0.0, 1.0, 18.0, 1.0, 0.0, 1.0, 2.0, 1.0, 3.0, 3.0, 2.0, 1.0, 1.0, 1.0, 1.0, 0.0, 0.0, 0.0, 0.0, 0.0, 0.0, 1.0, 0.0, 3.0, 2.0, 5.0, 2.0, 5.0, 5.0, 4.0]",0,False,False,0,9.928,0.4810126582278481
student,2,42,4,52,4,"[0.0, 1.0, 18.0, 1.0, 0.0, 1.0, 2.0, 1.0, 3.0, 3.0, 2.0, 1.0, 1.0, 1.0, 1.0, 0.0, 0.0, 0.0, 0.0, 0.0, 0.0, 1.0, 0.0, 3.0, 2.0, 5.0, 2.0, 5.0, 5.0, 4.0]",0,0,"[0.0, 1.0, 18.0, 1.0, 0.0, 1.0, 2.0, 1.0, 3.0, 3.0, 2.0, 1.0, 1.0, 1.0, 1.0, 0.0, 0.0, 0.0, 0.0, 0.0, 0.0, 1.0, 0.0, 3.0, 2.0, 5.0, 2.0, 5.0, 5.0, 4.0]",0,False,False,0,9.932,0.4810126582278481
student,2,42,4,53,0,"[0.0, 1.0, 17.0, 1.0, 1.0, 1.0, 1.0, 1.0, 1.0, 2.0, 0.0, 1.0, 2.0, 1.0, 1.0, 0.0, 1.0, 0.0, 1.0, 1.0, 1.0, 1.0, 0.0, 4.0, 4.0, 4.0, 1.0, 2.0, 5.0, 2.0]",0,0,"[0.0, 1.0, 17.0, 1.0, 1.0, 1.0, 1.0, 1.0, 1.0, 2.0, 0.0, 1.0, 2.0, 1.0, 1.0, 0.0, 1.0, 0.0, 1.0, 1.0, 1.0, 1.0, 0.0, 4.0, 4.0, 4.0, 1.0, 2.0, 5.0, 2.0]",0,False,False,0,10.259,0.4810126582278481
student,2,42,4,53,1,"[0.0, 1.0, 17.0, 1.0, 1.0, 1.0, 1.0, 1.0, 1.0, 2.0, 0.0, 1.0, 2.0, 1.0, 1.0, 0.0, 1.0, 0.0, 1.0, 1.0, 1.0, 1.0, 0.0, 4.0, 4.0, 4.0, 1.0, 2.0, 5.0, 2.0]",0,0,"[0.0, 1.0, 17.0, 1.0, 1.0, 1.0, 1.0, 1.0, 1.0, 2.0, 0.0, 1.0, 2.0, 1.0, 1.0, 0.0, 1.0, 0.0, 1.0, 1.0, 1.0, 1.0, 0.0, 4.0, 4.0, 4.0, 1.0, 2.0, 5.0, 2.0]",0,False,False,0,9.737,0.4810126582278481
student,2,42,4,53,2,"[0.0, 1.0, 17.0, 1.0, 1.0, 1.0, 1.0, 1.0, 1.0, 2.0, 0.0, 1.0, 2.0, 1.0, 1.0, 0.0, 1.0, 0.0, 1.0, 1.0, 1.0, 1.0, 0.0, 4.0, 4.0, 4.0, 1.0, 2.0, 5.0, 2.0]",0,0,"[0.0, 1.0, 17.0, 1.0, 1.0, 1.0, 1.0, 1.0, 1.0, 2.0, 0.0, 1.0, 2.0, 1.0, 1.0, 0.0, 1.0, 0.0, 1.0, 1.0, 1.0, 1.0, 0.0, 4.0, 4.0, 4.0, 1.0, 2.0, 5.0, 2.0]",0,False,False,0,9.788,0.4810126582278481
student,2,42,4,53,3,"[0.0, 1.0, 17.0, 1.0, 1.0, 1.0, 1.0, 1.0, 1.0, 2.0, 0.0, 1.0, 2.0, 1.0, 1.0, 0.0, 1.0, 0.0, 1.0, 1.0, 1.0, 1.0, 0.0, 4.0, 4.0, 4.0, 1.0, 2.0, 5.0, 2.0]",0,0,"[0.0, 1.0, 17.0, 1.0, 1.0, 1.0, 1.0, 1.0, 1.0, 2.0, 0.0, 1.0, 2.0, 1.0, 1.0, 0.0, 1.0, 0.0, 1.0, 1.0, 1.0, 1.0, 0.0, 4.0, 4.0, 4.0, 1.0, 2.0, 5.0, 2.0]",0,False,False,0,9.788,0.4810126582278481
student,2,42,4,53,4,"[0.0, 1.0, 17.0, 1.0, 1.0, 1.0, 1.0, 1.0, 1.0, 2.0, 0.0, 1.0, 2.0, 1.0, 1.0, 0.0, 1.0, 0.0, 1.0, 1.0, 1.0, 1.0, 0.0, 4.0, 4.0, 4.0, 1.0, 2.0, 5.0, 2.0]",0,0,"[0.0, 1.0, 17.0, 1.0, 1.0, 1.0, 1.0, 1.0, 1.0, 2.0, 0.0, 1.0, 2.0, 1.0, 1.0, 0.0, 1.0, 0.0, 1.0, 1.0, 1.0, 1.0, 0.0, 4.0, 4.0, 4.0, 1.0, 2.0, 5.0, 2.0]",0,False,False,0,9.769,0.4810126582278481
student,2,42,4,55,0,"[0.0, 1.0, 18.0, 1.0, 0.0, 1.0, 4.0, 3.0, 4.0, 2.0, 0.0, 1.0, 1.0, 2.0, 0.0, 0.0, 1.0, 1.0, 0.0, 0.0, 1.0, 1.0, 0.0, 4.0, 3.0, 2.0, 1.0, 1.0, 3.0, 2.0]",1,0,"[0.0, 1.0, 18.0, 1.0, 0.0, 1.0, 4.0, 3.0, 4.0, 2.0, 0.0, 1.0, 1.0, 2.0, 0.0, 0.0, 1.0, 1.0, 0.0, 0.0, 1.0, 1.0, 0.0, 4.0, 3.0, 2.0, 1.0, 1.0, 3.0, 2.0]",1,False,False,0,10.221,0.4810126582278481
student,2,42,4,55,1,"[0.0, 1.0, 18.0, 1.0, 0.0, 1.0, 4.0, 3.0, 4.0, 2.0, 0.0, 1.0, 1.0, 2.0, 0.0, 0.0, 1.0, 1.0, 0.0, 0.0, 1.0, 1.0, 0.0, 4.0, 3.0, 2.0, 1.0, 1.0, 3.0, 2.0]",1,0,"[0.0, 1.0, 18.0, 1.0, 0.0, 1.0, 4.0, 3.0, 4.0, 2.0, 0.0, 1.0, 1.0, 2.0, 0.0, 0.0, 1.0, 1.0, 0.0, 0.0, 1.0, 1.0, 0.0, 4.0, 3.0, 2.0, 1.0, 1.0, 3.0, 2.0]",1,False,False,0,9.903,0.4810126582278481
student,2,42,4,55,2,"[0.0, 1.0, 18.0, 1.0, 0.0, 1.0, 4.0, 3.0, 4.0, 2.0, 0.0, 1.0, 1.0, 2.0, 0.0, 0.0, 1.0, 1.0, 0.0, 0.0, 1.0, 1.0, 0.0, 4.0, 3.0, 2.0, 1.0, 1.0, 3.0, 2.0]",1,0,"[0.0, 1.0, 18.0, 1.0, 0.0, 1.0, 4.0, 3.0, 4.0, 2.0, 0.0, 1.0, 1.0, 2.0, 0.0, 0.0, 1.0, 1.0, 0.0, 0.0, 1.0, 1.0, 0.0, 4.0, 3.0, 2.0, 1.0, 1.0, 3.0, 2.0]",1,False,False,0,9.879,0.4810126582278481
student,2,42,4,55,3,"[0.0, 1.0, 18.0, 1.0, 0.0, 1.0, 4.0, 3.0, 4.0, 2.0, 0.0, 1.0, 1.0, 2.0, 0.0, 0.0, 1.0, 1.0, 0.0, 0.0, 1.0, 1.0, 0.0, 4.0, 3.0, 2.0, 1.0, 1.0, 3.0, 2.0]",1,0,"[0.0, 1.0, 18.0, 1.0, 0.0, 1.0, 4.0, 3.0, 4.0, 2.0, 0.0, 1.0, 1.0, 2.0, 0.0, 0.0, 1.0, 1.0, 0.0, 0.0, 1.0, 1.0, 0.0, 4.0, 3.0, 2.0, 1.0, 1.0, 3.0, 2.0]",1,False,False,0,9.91,0.4810126582278481
student,2,42,4,55,4,"[0.0, 1.0, 18.0, 1.0, 0.0, 1.0, 4.0, 3.0, 4.0, 2.0, 0.0, 1.0, 1.0, 2.0, 0.0, 0.0, 1.0, 1.0, 0.0, 0.0, 1.0, 1.0, 0.0, 4.0, 3.0, 2.0, 1.0, 1.0, 3.0, 2.0]",1,0,"[0.0, 1.0, 18.0, 1.0, 0.0, 1.0, 4.0, 3.0, 4.0, 2.0, 0.0, 1.0, 1.0, 2.0, 0.0, 0.0, 1.0, 1.0, 0.0, 0.0, 1.0, 1.0, 0.0, 4.0, 3.0, 2.0, 1.0, 1.0, 3.0, 2.0]",1,False,False,0,9.791,0.4810126582278481
student,2,42,4,56,0,"[0.0, 0.0, 18.0, 1.0, 0.0, 1.0, 2.0, 2.0, 0.0, 3.0, 1.0, 1.0, 1.0, 3.0, 0.0, 0.0, 1.0, 1.0, 1.0, 1.0, 1.0, 1.0, 1.0, 4.0, 3.0, 3.0, 1.0, 1.0, 3.0, 0.0]",0,0,"[0.0, 0.0, 18.0, 1.0, 0.0, 1.0, 2.0, 2.0, 0.0, 3.0, 1.0, 1.0, 1.0, 3.0, 0.0, 0.0, 1.0, 1.0, 1.0, 1.0, 1.0, 1.0, 1.0, 4.0, 3.0, 3.0, 1.0, 1.0, 3.0, 0.0]",0,False,False,0,10.493,0.4810126582278481
student,2,42,4,56,1,"[0.0, 0.0, 18.0, 1.0, 0.0, 1.0, 2.0, 2.0, 0.0, 3.0, 1.0, 1.0, 1.0, 3.0, 0.0, 0.0, 1.0, 1.0, 1.0, 1.0, 1.0, 1.0, 1.0, 4.0, 3.0, 3.0, 1.0, 1.0, 3.0, 0.0]",0,0,"[0.0, 0.0, 18.0, 1.0, 0.0, 1.0, 2.0, 2.0, 0.0, 3.0, 1.0, 1.0, 1.0, 3.0, 0.0, 0.0, 1.0, 1.0, 1.0, 1.0, 1.0, 1.0, 1.0, 4.0, 3.0, 3.0, 1.0, 1.0, 3.0, 0.0]",0,False,False,0,9.989,0.4810126582278481
student,2,42,4,56,2,"[0.0, 0.0, 18.0, 1.0, 0.0, 1.0, 2.0, 2.0, 0.0, 3.0, 1.0, 1.0, 1.0, 3.0, 0.0, 0.0, 1.0, 1.0, 1.0, 1.0, 1.0, 1.0, 1.0, 4.0, 3.0, 3.0, 1.0, 1.0, 3.0, 0.0]",0,0,"[0.0, 0.0, 18.0, 1.0, 0.0, 1.0, 2.0, 2.0, 0.0, 3.0, 1.0, 1.0, 1.0, 3.0, 0.0, 0.0, 1.0, 1.0, 1.0, 1.0, 1.0, 1.0, 1.0, 4.0, 3.0, 3.0, 1.0, 1.0, 3.0, 0.0]",0,False,False,0,10.043,0.4810126582278481
student,2,42,4,56,3,"[0.0, 0.0, 18.0, 1.0, 0.0, 1.0, 2.0, 2.0, 0.0, 3.0, 1.0, 1.0, 1.0, 3.0, 0.0, 0.0, 1.0, 1.0, 1.0, 1.0, 1.0, 1.0, 1.0, 4.0, 3.0, 3.0, 1.0, 1.0, 3.0, 0.0]",0,0,"[0.0, 0.0, 18.0, 1.0, 0.0, 1.0, 2.0, 2.0, 0.0, 3.0, 1.0, 1.0, 1.0, 3.0, 0.0, 0.0, 1.0, 1.0, 1.0, 1.0, 1.0, 1.0, 1.0, 4.0, 3.0, 3.0, 1.0, 1.0, 3.0, 0.0]",0,False,False,0,10.005,0.4810126582278481
student,2,42,4,56,4,"[0.0, 0.0, 18.0, 1.0, 0.0, 1.0, 2.0, 2.0, 0.0, 3.0, 1.0, 1.0, 1.0, 3.0, 0.0, 0.0, 1.0, 1.0, 1.0, 1.0, 1.0, 1.0, 1.0, 4.0, 3.0, 3.0, 1.0, 1.0, 3.0, 0.0]",0,0,"[0.0, 0.0, 18.0, 1.0, 0.0, 1.0, 2.0, 2.0, 0.0, 3.0, 1.0, 1.0, 1.0, 3.0, 0.0, 0.0, 1.0, 1.0, 1.0, 1.0, 1.0, 1.0, 1.0, 4.0, 3.0, 3.0, 1.0, 1.0, 3.0, 0.0]",0,False,False,0,10.001,0.4810126582278481
student,2,42,4,57,0,"[0.0, 1.0, 18.0, 1.0, 0.0, 1.0, 4.0, 2.0, 1.0, 2.0, 3.0, 0.0, 1.0, 2.0, 0.0, 0.0, 1.0, 1.0, 1.0, 1.0, 1.0, 1.0, 1.0, 5.0, 4.0, 5.0, 1.0, 3.0, 5.0, 10.0]",0,1,"[0.0, 1.0, 18.0, 1.0, 0.0, 1.0, 4.0, 2.0, 1.0, 2.0, 3.0, 0.0, 1.0, 2.0, 0.0, 0.0, 1.0, 1.0, 1.0, 1.0, 1.0, 1.0, 1.0, 5.0, 4.0, 5.0, 1.0, 3.0, 5.0, 10.0]",0,False,False,0,9.824,0.4810126582278481
student,2,42,4,57,1,"[0.0, 1.0, 18.0, 1.0, 0.0, 1.0, 4.0, 2.0, 1.0, 2.0, 3.0, 0.0, 1.0, 2.0, 0.0, 0.0, 1.0, 1.0, 1.0, 1.0, 1.0, 1.0, 1.0, 5.0, 4.0, 5.0, 1.0, 3.0, 5.0, 10.0]",0,1,"[0.0, 1.0, 18.0, 1.0, 0.0, 1.0, 4.0, 2.0, 1.0, 2.0, 3.0, 0.0, 1.0, 2.0, 0.0, 0.0, 1.0, 1.0, 1.0, 1.0, 1.0, 1.0, 1.0, 5.0, 4.0, 5.0, 1.0, 3.0, 5.0, 10.0]",0,False,False,0,9.768,0.4810126582278481
student,2,42,4,57,2,"[0.0, 1.0, 18.0, 1.0, 0.0, 1.0, 4.0, 2.0, 1.0, 2.0, 3.0, 0.0, 1.0, 2.0, 0.0, 0.0, 1.0, 1.0, 1.0, 1.0, 1.0, 1.0, 1.0, 5.0, 4.0, 5.0, 1.0, 3.0, 5.0, 10.0]",0,1,"[0.0, 1.0, 18.0, 1.0, 0.0, 1.0, 4.0, 2.0, 1.0, 2.0, 3.0, 0.0, 1.0, 2.0, 0.0, 0.0, 1.0, 1.0, 1.0, 1.0, 1.0, 1.0, 1.0, 5.0, 4.0, 5.0, 1.0, 3.0, 5.0, 10.0]",0,False,False,0,9.764,0.4810126582278481
student,2,42,4,57,3,"[0.0, 1.0, 18.0, 1.0, 0.0, 1.0, 4.0, 2.0, 1.0, 2.0, 3.0, 0.0, 1.0, 2.0, 0.0, 0.0, 1.0, 1.0, 1.0, 1.0, 1.0, 1.0, 1.0, 5.0, 4.0, 5.0, 1.0, 3.0, 5.0, 10.0]",0,1,"[0.0, 1.0, 18.0, 1.0, 0.0, 1.0, 4.0, 2.0, 1.0, 2.0, 3.0, 0.0, 1.0, 2.0, 0.0, 0.0, 1.0, 1.0, 1.0, 1.0, 1.0, 1.0, 1.0, 5.0, 4.0, 5.0, 1.0, 3.0, 5.0, 10.0]",0,False,False,0,9.779,0.4810126582278481
student,2,42,4,57,4,"[0.0, 1.0, 18.0, 1.0, 0.0, 1.0, 4.0, 2.0, 1.0, 2.0, 3.0, 0.0, 1.0, 2.0, 0.0, 0.0, 1.0, 1.0, 1.0, 1.0, 1.0, 1.0, 1.0, 5.0, 4.0, 5.0, 1.0, 3.0, 5.0, 10.0]",0,1,"[0.0, 1.0, 18.0, 1.0, 0.0, 1.0, 4.0, 2.0, 1.0, 2.0, 3.0, 0.0, 1.0, 2.0, 0.0, 0.0, 1.0, 1.0, 1.0, 1.0, 1.0, 1.0, 1.0, 5.0, 4.0, 5.0, 1.0, 3.0, 5.0, 10.0]",0,False,False,0,9.778,0.4810126582278481
student,2,42,4,62,0,"[0.0, 1.0, 19.0, 1.0, 0.0, 1.0, 3.0, 3.0, 2.0, 2.0, 1.0, 2.0, 1.0, 2.0, 1.0, 0.0, 1.0, 0.0, 1.0, 1.0, 1.0, 1.0, 1.0, 4.0, 4.0, 4.0, 1.0, 1.0, 3.0, 20.0]",1,2,"[0.0, 1.0, 19.0, 1.0, 0.0, 1.0, 3.0, 3.0, 2.0, 2.0, 1.0, 2.0, 1.0, 2.0, 1.0, 0.0, 1.0, 0.0, 1.0, 1.0, 1.0, 1.0, 1.0, 4.0, 4.0, 4.0, 1.0, 1.0, 3.0, 20.0]",1,False,False,0,9.771,0.4810126582278481
student,2,42,4,62,1,"[0.0, 1.0, 19.0, 1.0, 0.0, 1.0, 3.0, 3.0, 2.0, 2.0, 1.0, 2.0, 1.0, 2.0, 1.0, 0.0, 1.0, 0.0, 1.0, 1.0, 1.0, 1.0, 1.0, 4.0, 4.0, 4.0, 1.0, 1.0, 3.0, 20.0]",1,2,"[0.0, 1.0, 19.0, 1.0, 0.0, 1.0, 3.0, 3.0, 2.0, 2.0, 1.0, 2.0, 1.0, 2.0, 1.0, 0.0, 1.0, 0.0, 1.0, 1.0, 1.0, 1.0, 1.0, 4.0, 4.0, 4.0, 1.0, 1.0, 3.0, 20.0]",1,False,False,0,9.676,0.4810126582278481
student,2,42,4,62,2,"[0.0, 1.0, 19.0, 1.0, 0.0, 1.0, 3.0, 3.0, 2.0, 2.0, 1.0, 2.0, 1.0, 2.0, 1.0, 0.0, 1.0, 0.0, 1.0, 1.0, 1.0, 1.0, 1.0, 4.0, 4.0, 4.0, 1.0, 1.0, 3.0, 20.0]",1,2,"[0.0, 1.0, 19.0, 1.0, 0.0, 1.0, 3.0, 3.0, 2.0, 2.0, 1.0, 2.0, 1.0, 2.0, 1.0, 0.0, 1.0, 0.0, 1.0, 1.0, 1.0, 1.0, 1.0, 4.0, 4.0, 4.0, 1.0, 1.0, 3.0, 20.0]",1,False,False,0,9.685,0.4810126582278481
student,2,42,4,62,3,"[0.0, 1.0, 19.0, 1.0, 0.0, 1.0, 3.0, 3.0, 2.0, 2.0, 1.0, 2.0, 1.0, 2.0, 1.0, 0.0, 1.0, 0.0, 1.0, 1.0, 1.0, 1.0, 1.0, 4.0, 4.0, 4.0, 1.0, 1.0, 3.0, 20.0]",1,2,"[0.0, 1.0, 19.0, 1.0, 0.0, 1.0, 3.0, 3.0, 2.0, 2.0, 1.0, 2.0, 1.0, 2.0, 1.0, 0.0, 1.0, 0.0, 1.0, 1.0, 1.0, 1.0, 1.0, 4.0, 4.0, 4.0, 1.0, 1.0, 3.0, 20.0]",1,False,False,0,9.678,0.4810126582278481
student,2,42,4,62,4,"[0.0, 1.0, 19.0, 1.0, 0.0, 1.0, 3.0, 3.0, 2.0, 2.0, 1.0, 2.0, 1.0, 2.0, 1.0, 0.0, 1.0, 0.0, 1.0, 1.0, 1.0, 1.0, 1.0, 4.0, 4.0, 4.0, 1.0, 1.0, 3.0, 20.0]",1,2,"[0.0, 1.0, 19.0, 1.0, 0.0, 1.0, 3.0, 3.0, 2.0, 2.0, 1.0, 2.0, 1.0, 2.0, 1.0, 0.0, 1.0, 0.0, 1.0, 1.0, 1.0, 1.0, 1.0, 4.0, 4.0, 4.0, 1.0, 1.0, 3.0, 20.0]",1,False,False,0,9.709,0.4810126582278481
student,2,42,4,63,0,"[0.0, 0.0, 18.0, 1.0, 0.0, 1.0, 2.0, 4.0, 3.0, 0.0, 3.0, 2.0, 1.0, 2.0, 1.0, 0.0, 1.0, 1.0, 1.0, 1.0, 1.0, 1.0, 0.0, 4.0, 4.0, 3.0, 1.0, 1.0, 3.0, 8.0]",0,1,"[0.0, 0.0, 18.0, 1.0, 0.0, 1.0, 2.0, 4.0, 3.0, 0.0, 3.0, 2.0, 1.0, 2.0, 1.0, 0.0, 1.0, 1.0, 1.0, 1.0, 1.0, 1.0, 0.0, 4.0, 4.0, 3.0, 1.0, 1.0, 3.0, 8.0]",0,False,False,0,9.862,0.4810126582278481
student,2,42,4,63,1,"[0.0, 0.0, 18.0, 1.0, 0.0, 1.0, 2.0, 4.0, 3.0, 0.0, 3.0, 2.0, 1.0, 2.0, 1.0, 0.0, 1.0, 1.0, 1.0, 1.0, 1.0, 1.0, 0.0, 4.0, 4.0, 3.0, 1.0, 1.0, 3.0, 8.0]",0,1,"[0.0, 0.0, 18.0, 1.0, 0.0, 1.0, 2.0, 4.0, 3.0, 0.0, 3.0, 2.0, 1.0, 2.0, 1.0, 0.0, 1.0, 1.0, 1.0, 1.0, 1.0, 1.0, 0.0, 4.0, 4.0, 3.0, 1.0, 1.0, 3.0, 8.0]",0,False,False,0,9.784,0.4810126582278481
student,2,42,4,63,2,"[0.0, 0.0, 18.0, 1.0, 0.0, 1.0, 2.0, 4.0, 3.0, 0.0, 3.0, 2.0, 1.0, 2.0, 1.0, 0.0, 1.0, 1.0, 1.0, 1.0, 1.0, 1.0, 0.0, 4.0, 4.0, 3.0, 1.0, 1.0, 3.0, 8.0]",0,1,"[0.0, 0.0, 18.0, 1.0, 0.0, 1.0, 2.0, 4.0, 3.0, 0.0, 3.0, 2.0, 1.0, 2.0, 1.0, 0.0, 1.0, 1.0, 1.0, 1.0, 1.0, 1.0, 0.0, 4.0, 4.0, 3.0, 1.0, 1.0, 3.0, 8.0]",0,False,False,0,9.796,0.4810126582278481
student,2,42,4,63,3,"[0.0, 0.0, 18.0, 1.0, 0.0, 1.0, 2.0, 4.0, 3.0, 0.0, 3.0, 2.0, 1.0, 2.0, 1.0, 0.0, 1.0, 1.0, 1.0, 1.0, 1.0, 1.0, 0.0, 4.0, 4.0, 3.0, 1.0, 1.0, 3.0, 8.0]",0,1,"[0.0, 0.0, 18.0, 1.0, 0.0, 1.0, 2.0, 4.0, 3.0, 0.0, 3.0, 2.0, 1.0, 2.0, 1.0, 0.0, 1.0, 1.0, 1.0, 1.0, 1.0, 1.0, 0.0, 4.0, 4.0, 3.0, 1.0, 1.0, 3.0, 8.0]",0,False,False,0,9.806,0.4810126582278481
student,2,42,4,63,4,"[0.0, 0.0, 18.0, 1.0, 0.0, 1.0, 2.0, 4.0, 3.0, 0.0, 3.0, 2.0, 1.0, 2.0, 1.0, 0.0, 1.0, 1.0, 1.0, 1.0, 1.0, 1.0, 0.0, 4.0, 4.0, 3.0, 1.0, 1.0, 3.0, 8.0]",0,1,"[0.0, 0.0, 18.0, 1.0, 0.0, 1.0, 2.0, 4.0, 3.0, 0.0, 3.0, 2.0, 1.0, 2.0, 1.0, 0.0, 1.0, 1.0, 1.0, 1.0, 1.0, 1.0, 0.0, 4.0, 4.0, 3.0, 1.0, 1.0, 3.0, 8.0]",0,False,False,0,9.797,0.4810126582278481
student,2,42,4,64,0,"[0.0, 1.0, 19.0, 1.0, 0.0, 1.0, 1.0, 2.0, 2.0, 3.0, 0.0, 2.0, 1.0, 2.0, 1.0, 0.0, 0.0, 0.0, 0.0, 0.0, 1.0, 1.0, 0.0, 4.0, 5.0, 2.0, 2.0, 2.0, 4.0, 3.0]",0,1,"[0.0, 1.0, 19.0, 1.0, 0.0, 1.0, 1.0, 2.0, 2.0, 3.0, 0.0, 2.0, 1.0, 2.0, 1.0, 0.0, 0.0, 0.0, 0.0, 0.0, 1.0, 1.0, 0.0, 4.0, 5.0, 2.0, 2.0, 2.0, 4.0, 3.0]",0,False,False,0,9.911,0.4810126582278481
student,2,42,4,64,1,"[0.0, 1.0, 19.0, 1.0, 0.0, 1.0, 1.0, 2.0, 2.0, 3.0, 0.0, 2.0, 1.0, 2.0, 1.0, 0.0, 0.0, 0.0, 0.0, 0.0, 1.0, 1.0, 0.0, 4.0, 5.0, 2.0, 2.0, 2.0, 4.0, 3.0]",0,1,"[0.0, 1.0, 19.0, 1.0, 0.0, 1.0, 1.0, 2.0, 2.0, 3.0, 0.0, 2.0, 1.0, 2.0, 1.0, 0.0, 0.0, 0.0, 0.0, 0.0, 1.0, 1.0, 0.0, 4.0, 5.0, 2.0, 2.0, 2.0, 4.0, 3.0]",0,False,False,0,9.908,0.4810126582278481
student,2,42,4,64,2,"[0.0, 1.0, 19.0, 1.0, 0.0, 1.0, 1.0, 2.0, 2.0, 3.0, 0.0, 2.0, 1.0, 2.0, 1.0, 0.0, 0.0, 0.0, 0.0, 0.0, 1.0, 1.0, 0.0, 4.0, 5.0, 2.0, 2.0, 2.0, 4.0, 3.0]",0,1,"[0.0, 1.0, 19.0, 1.0, 0.0, 1.0, 1.0, 2.0, 2.0, 3.0, 0.0, 2.0, 1.0, 2.0, 1.0, 0.0, 0.0, 0.0, 0.0, 0.0, 1.0, 1.0, 0.0, 4.0, 5.0, 2.0, 2.0, 2.0, 4.0, 3.0]",0,False,False,0,9.913,0.4810126582278481
student,2,42,4,64,3,"[0.0, 1.0, 19.0, 1.0, 0.0, 1.0, 1.0, 2.0, 2.0, 3.0, 0.0, 2.0, 1.0, 2.0, 1.0, 0.0, 0.0, 0.0, 0.0, 0.0, 1.0, 1.0, 0.0, 4.0, 5.0, 2.0, 2.0, 2.0, 4.0, 3.0]",0,1,"[0.0, 1.0, 19.0, 1.0, 0.0, 1.0, 1.0, 2.0, 2.0, 3.0, 0.0, 2.0, 1.0, 2.0, 1.0, 0.0, 0.0, 0.0, 0.0, 0.0, 1.0, 1.0, 0.0, 4.0, 5.0, 2.0, 2.0, 2.0, 4.0, 3.0]",0,False,False,0,10.019,0.4810126582278481
student,2,42,4,64,4,"[0.0, 1.0, 19.0, 1.0, 0.0, 1.0, 1.0, 2.0, 2.0, 3.0, 0.0, 2.0, 1.0, 2.0, 1.0, 0.0, 0.0, 0.0, 0.0, 0.0, 1.0, 1.0, 0.0, 4.0, 5.0, 2.0, 2.0, 2.0, 4.0, 3.0]",0,1,"[0.0, 1.0, 19.0, 1.0, 0.0, 1.0, 1.0, 2.0, 2.0, 3.0, 0.0, 2.0, 1.0, 2.0, 1.0, 0.0, 0.0, 0.0, 0.0, 0.0, 1.0, 1.0, 0.0, 4.0, 5.0, 2.0, 2.0, 2.0, 4.0, 3.0]",0,False,False,0,9.895,0.4810126582278481
student,2,42,4,65,0,"[0.0, 0.0, 19.0, 0.0, 0.0, 1.0, 2.0, 3.0, 2.0, 2.0, 3.0, 2.0, 1.0, 3.0, 1.0, 0.0, 0.0, 0.0, 0.0, 1.0, 1.0, 1.0, 1.0, 4.0, 1.0, 2.0, 1.0, 1.0, 3.0, 40.0]",1,1,"[0.0, 0.0, 19.0, 0.0, 0.0, 1.0, 2.0, 3.0, 2.0, 2.0, 3.0, 2.0, 1.0, 3.0, 1.0, 0.0, 0.0, 0.0, 0.0, 1.0, 1.0, 1.0, 1.0, 4.0, 1.0, 2.0, 1.0, 1.0, 3.0, 40.0]",1,False,False,0,9.905,0.4810126582278481
student,2,42,4,65,1,"[0.0, 0.0, 19.0, 0.0, 0.0, 1.0, 2.0, 3.0, 2.0, 2.0, 3.0, 2.0, 1.0, 3.0, 1.0, 0.0, 0.0, 0.0, 0.0, 1.0, 1.0, 1.0, 1.0, 4.0, 1.0, 2.0, 1.0, 1.0, 3.0, 40.0]",1,1,"[0.0, 0.0, 19.0, 0.0, 0.0, 1.0, 2.0, 3.0, 2.0, 2.0, 3.0, 2.0, 1.0, 3.0, 1.0, 0.0, 0.0, 0.0, 0.0, 1.0, 1.0, 1.0, 1.0, 4.0, 1.0, 2.0, 1.0, 1.0, 3.0, 40.0]",1,False,False,0,9.821,0.4810126582278481
student,2,42,4,65,2,"[0.0, 0.0, 19.0, 0.0, 0.0, 1.0, 2.0, 3.0, 2.0, 2.0, 3.0, 2.0, 1.0, 3.0, 1.0, 0.0, 0.0, 0.0, 0.0, 1.0, 1.0, 1.0, 1.0, 4.0, 1.0, 2.0, 1.0, 1.0, 3.0, 40.0]",1,1,"[0.0, 0.0, 19.0, 0.0, 0.0, 1.0, 2.0, 3.0, 2.0, 2.0, 3.0, 2.0, 1.0, 3.0, 1.0, 0.0, 0.0, 0.0, 0.0, 1.0, 1.0, 1.0, 1.0, 4.0, 1.0, 2.0, 1.0, 1.0, 3.0, 40.0]",1,False,False,0,9.82,0.4810126582278481
student,2,42,4,65,3,"[0.0, 0.0, 19.0, 0.0, 0.0, 1.0, 2.0, 3.0, 2.0, 2.0, 3.0, 2.0, 1.0, 3.0, 1.0, 0.0, 0.0, 0.0, 0.0, 1.0, 1.0, 1.0, 1.0, 4.0, 1.0, 2.0, 1.0, 1.0, 3.0, 40.0]",1,1,"[0.0, 0.0, 19.0, 0.0, 0.0, 1.0, 2.0, 3.0, 2.0, 2.0, 3.0, 2.0, 1.0, 3.0, 1.0, 0.0, 0.0, 0.0, 0.0, 1.0, 1.0, 1.0, 1.0, 4.0, 1.0, 2.0, 1.0, 1.0, 3.0, 40.0]",1,False,False,0,9.826,0.4810126582278481
student,2,42,4,65,4,"[0.0, 0.0, 19.0, 0.0, 0.0, 1.0, 2.0, 3.0, 2.0, 2.0, 3.0, 2.0, 1.0, 3.0, 1.0, 0.0, 0.0, 0.0, 0.0, 1.0, 1.0, 1.0, 1.0, 4.0, 1.0, 2.0, 1.0, 1.0, 3.0, 40.0]",1,1,"[0.0, 0.0, 19.0, 0.0, 0.0, 1.0, 2.0, 3.0, 2.0, 2.0, 3.0, 2.0, 1.0, 3.0, 1.0, 0.0, 0.0, 0.0, 0.0, 1.0, 1.0, 1.0, 1.0, 4.0, 1.0, 2.0, 1.0, 1.0, 3.0, 40.0]",1,False,False,0,9.823,0.4810126582278481
student,2,42,4,66,0,"[0.0, 0.0, 18.0, 1.0, 0.0, 1.0, 2.0, 1.0, 3.0, 2.0, 0.0, 1.0, 2.0, 2.0, 0.0, 0.0, 1.0, 1.0, 1.0, 1.0, 1.0, 1.0, 0.0, 5.0, 3.0, 3.0, 1.0, 2.0, 1.0, 0.0]",1,0,"[0.0, 0.0, 18.0, 1.0, 0.0, 1.0, 2.0, 1.0, 3.0, 2.0, 0.0, 1.0, 2.0, 2.0, 0.0, 0.0, 1.0, 1.0, 1.0, 1.0, 1.0, 1.0, 0.0, 5.0, 3.0, 3.0, 1.0, 2.0, 1.0, 0.0]",1,False,False,0,10.007,0.4810126582278481
student,2,42,4,66,1,"[0.0, 0.0, 18.0, 1.0, 0.0, 1.0, 2.0, 1.0, 3.0, 2.0, 0.0, 1.0, 2.0, 2.0, 0.0, 0.0, 1.0, 1.0, 1.0, 1.0, 1.0, 1.0, 0.0, 5.0, 3.0, 3.0, 1.0, 2.0, 1.0, 0.0]",1,0,"[0.0, 0.0, 18.0, 1.0, 0.0, 1.0, 2.0, 1.0, 3.0, 2.0, 0.0, 1.0, 2.0, 2.0, 0.0, 0.0, 1.0, 1.0, 1.0, 1.0, 1.0, 1.0, 0.0, 5.0, 3.0, 3.0, 1.0, 2.0, 1.0, 0.0]",1,False,False,0,9.949,0.4810126582278481
student,2,42,4,66,2,"[0.0, 0.0, 18.0, 1.0, 0.0, 1.0, 2.0, 1.0, 3.0, 2.0, 0.0, 1.0, 2.0, 2.0, 0.0, 0.0, 1.0, 1.0, 1.0, 1.0, 1.0, 1.0, 0.0, 5.0, 3.0, 3.0, 1.0, 2.0, 1.0, 0.0]",1,0,"[0.0, 0.0, 18.0, 1.0, 0.0, 1.0, 2.0, 1.0, 3.0, 2.0, 0.0, 1.0, 2.0, 2.0, 0.0, 0.0, 1.0, 1.0, 1.0, 1.0, 1.0, 1.0, 0.0, 5.0, 3.0, 3.0, 1.0, 2.0, 1.0, 0.0]",1,False,False,0,9.887,0.4810126582278481
student,2,42,4,66,3,"[0.0, 0.0, 18.0, 1.0, 0.0, 1.0, 2.0, 1.0, 3.0, 2.0, 0.0, 1.0, 2.0, 2.0, 0.0, 0.0, 1.0, 1.0, 1.0, 1.0, 1.0, 1.0, 0.0, 5.0, 3.0, 3.0, 1.0, 2.0, 1.0, 0.0]",1,0,"[0.0, 0.0, 18.0, 1.0, 0.0, 1.0, 2.0, 1.0, 3.0, 2.0, 0.0, 1.0, 2.0, 2.0, 0.0, 0.0, 1.0, 1.0, 1.0, 1.0, 1.0, 1.0, 0.0, 5.0, 3.0, 3.0, 1.0, 2.0, 1.0, 0.0]",1,False,False,0,9.902,0.4810126582278481
student,2,42,4,66,4,"[0.0, 0.0, 18.0, 1.0, 0.0, 1.0, 2.0, 1.0, 3.0, 2.0, 0.0, 1.0, 2.0, 2.0, 0.0, 0.0, 1.0, 1.0, 1.0, 1.0, 1.0, 1.0, 0.0, 5.0, 3.0, 3.0, 1.0, 2.0, 1.0, 0.0]",1,0,"[0.0, 0.0, 18.0, 1.0, 0.0, 1.0, 2.0, 1.0, 3.0, 2.0, 0.0, 1.0, 2.0, 2.0, 0.0, 0.0, 1.0, 1.0, 1.0, 1.0, 1.0, 1.0, 0.0, 5.0, 3.0, 3.0, 1.0, 2.0, 1.0, 0.0]",1,False,False,0,9.994,0.4810126582278481
student,2,42,4,67,0,"[0.0, 1.0, 17.0, 1.0, 0.0, 1.0, 3.0, 3.0, 2.0, 3.0, 3.0, 1.0, 1.0, 1.0, 0.0, 0.0, 0.0, 0.0, 1.0, 0.0, 1.0, 1.0, 0.0, 4.0, 3.0, 5.0, 3.0, 5.0, 5.0, 3.0]",0,2,"[0.0, 1.0, 17.0, 1.0, 0.0, 1.0, 3.0, 3.0, 2.0, 3.0, 3.0, 1.0, 1.0, 1.0, 0.0, 0.0, 0.0, 0.0, 1.0, 0.0, 1.0, 1.0, 0.0, 4.0, 3.0, 5.0, 3.0, 5.0, 5.0, 3.0]",0,False,False,0,9.925,0.4810126582278481
student,2,42,4,67,1,"[0.0, 1.0, 17.0, 1.0, 0.0, 1.0, 3.0, 3.0, 2.0, 3.0, 3.0, 1.0, 1.0, 1.0, 0.0, 0.0, 0.0, 0.0, 1.0, 0.0, 1.0, 1.0, 0.0, 4.0, 3.0, 5.0, 3.0, 5.0, 5.0, 3.0]",0,2,"[0.0, 1.0, 17.0, 1.0, 0.0, 1.0, 3.0, 3.0, 2.0, 3.0, 3.0, 1.0, 1.0, 1.0, 0.0, 0.0, 0.0, 0.0, 1.0, 0.0, 1.0, 1.0, 0.0, 4.0, 3.0, 5.0, 3.0, 5.0, 5.0, 3.0]",0,False,False,0,9.858,0.4810126582278481
student,2,42,4,67,2,"[0.0, 1.0, 17.0, 1.0, 0.0, 1.0, 3.0, 3.0, 2.0, 3.0, 3.0, 1.0, 1.0, 1.0, 0.0, 0.0, 0.0, 0.0, 1.0, 0.0, 1.0, 1.0, 0.0, 4.0, 3.0, 5.0, 3.0, 5.0, 5.0, 3.0]",0,2,"[0.0, 1.0, 17.0, 1.0, 0.0, 1.0, 3.0, 3.0, 2.0, 3.0, 3.0, 1.0, 1.0, 1.0, 0.0, 0.0, 0.0, 0.0, 1.0, 0.0, 1.0, 1.0, 0.0, 4.0, 3.0, 5.0, 3.0, 5.0, 5.0, 3.0]",0,False,False,0,9.852,0.4810126582278481
student,2,42,4,67,3,"[0.0, 1.0, 17.0, 1.0, 0.0, 1.0, 3.0, 3.0, 2.0, 3.0, 3.0, 1.0, 1.0, 1.0, 0.0, 0.0, 0.0, 0.0, 1.0, 0.0, 1.0, 1.0, 0.0, 4.0, 3.0, 5.0, 3.0, 5.0, 5.0, 3.0]",0,2,"[0.0, 1.0, 17.0, 1.0, 0.0, 1.0, 3.0, 3.0, 2.0, 3.0, 3.0, 1.0, 1.0, 1.0, 0.0, 0.0, 0.0, 0.0, 1.0, 0.0, 1.0, 1.0, 0.0, 4.0, 3.0, 5.0, 3.0, 5.0, 5.0, 3.0]",0,False,False,0,9.837,0.4810126582278481
student,2,42,4,67,4,"[0.0, 1.0, 17.0, 1.0, 0.0, 1.0, 3.0, 3.0, 2.0, 3.0, 3.0, 1.0, 1.0, 1.0, 0.0, 0.0, 0.0, 0.0, 1.0, 0.0, 1.0, 1.0, 0.0, 4.0, 3.0, 5.0, 3.0, 5.0, 5.0, 3.0]",0,2,"[0.0, 1.0, 17.0, 1.0, 0.0, 1.0, 3.0, 3.0, 2.0, 3.0, 3.0, 1.0, 1.0, 1.0, 0.0, 0.0, 0.0, 0.0, 1.0, 0.0, 1.0, 1.0, 0.0, 4.0, 3.0, 5.0, 3.0, 5.0, 5.0, 3.0]",0,False,False,0,9.793,0.4810126582278481
student,2,42,4,68,0,"[0.0, 0.0, 17.0, 1.0, 0.0, 1.0, 4.0, 4.0, 4.0, 3.0, 0.0, 1.0, 1.0, 3.0, 0.0, 0.0, 1.0, 1.0, 1.0, 1.0, 1.0, 1.0, 0.0, 5.0, 4.0, 4.0, 1.0, 3.0, 4.0, 7.0]",1,0,"[0.0, 0.0, 17.0, 1.0, 0.0, 1.0, 4.0, 4.0, 4.0, 3.0, 0.0, 1.0, 1.0, 3.0, 0.0, 0.0, 1.0, 1.0, 1.0, 1.0, 1.0, 1.0, 0.0, 5.0, 4.0, 4.0, 1.0, 3.0, 4.0, 7.0]",1,False,False,0,10.15,0.4810126582278481
student,2,42,4,68,1,"[0.0, 0.0, 17.0, 1.0, 0.0, 1.0, 4.0, 4.0, 4.0, 3.0, 0.0, 1.0, 1.0, 3.0, 0.0, 0.0, 1.0, 1.0, 1.0, 1.0, 1.0, 1.0, 0.0, 5.0, 4.0, 4.0, 1.0, 3.0, 4.0, 7.0]",1,0,"[0.0, 0.0, 17.0, 1.0, 0.0, 1.0, 4.0, 4.0, 4.0, 3.0, 0.0, 1.0, 1.0, 3.0, 0.0, 0.0, 1.0, 1.0, 1.0, 1.0, 1.0, 1.0, 0.0, 5.0, 4.0, 4.0, 1.0, 3.0, 4.0, 7.0]",1,False,False,0,10.023,0.4810126582278481
student,2,42,4,68,2,"[0.0, 0.0, 17.0, 1.0, 0.0, 1.0, 4.0, 4.0, 4.0, 3.0, 0.0, 1.0, 1.0, 3.0, 0.0, 0.0, 1.0, 1.0, 1.0, 1.0, 1.0, 1.0, 0.0, 5.0, 4.0, 4.0, 1.0, 3.0, 4.0, 7.0]",1,0,"[0.0, 0.0, 17.0, 1.0, 0.0, 1.0, 4.0, 4.0, 4.0, 3.0, 0.0, 1.0, 1.0, 3.0, 0.0, 0.0, 1.0, 1.0, 1.0, 1.0, 1.0, 1.0, 0.0, 5.0, 4.0, 4.0, 1.0, 3.0, 4.0, 7.0]",1,False,False,0,10.023,0.4810126582278481
student,2,42,4,68,3,"[0.0, 0.0, 17.0, 1.0, 0.0, 1.0, 4.0, 4.0, 4.0, 3.0, 0.0, 1.0, 1.0, 3.0, 0.0, 0.0, 1.0, 1.0, 1.0, 1.0, 1.0, 1.0, 0.0, 5.0, 4.0, 4.0, 1.0, 3.0, 4.0, 7.0]",1,0,"[0.0, 0.0, 17.0, 1.0, 0.0, 1.0, 4.0, 4.0, 4.0, 3.0, 0.0, 1.0, 1.0, 3.0, 0.0, 0.0, 1.0, 1.0, 1.0, 1.0, 1.0, 1.0, 0.0, 5.0, 4.0, 4.0, 1.0, 3.0, 4.0, 7.0]",1,False,False,0,10.034,0.4810126582278481
student,2,42,4,68,4,"[0.0, 0.0, 17.0, 1.0, 0.0, 1.0, 4.0, 4.0, 4.0, 3.0, 0.0, 1.0, 1.0, 3.0, 0.0, 0.0, 1.0, 1.0, 1.0, 1.0, 1.0, 1.0, 0.0, 5.0, 4.0, 4.0, 1.0, 3.0, 4.0, 7.0]",1,0,"[0.0, 0.0, 17.0, 1.0, 0.0, 1.0, 4.0, 4.0, 4.0, 3.0, 0.0, 1.0, 1.0, 3.0, 0.0, 0.0, 1.0, 1.0, 1.0, 1.0, 1.0, 1.0, 0.0, 5.0, 4.0, 4.0, 1.0, 3.0, 4.0, 7.0]",1,False,False,0,9.824,0.4810126582278481
student,2,42,4,69,0,"[0.0, 0.0, 18.0, 1.0, 1.0, 1.0, 2.0, 2.0, 2.0, 2.0, 1.0, 2.0, 1.0, 2.0, 0.0, 0.0, 0.0, 0.0, 1.0, 0.0, 1.0, 1.0, 1.0, 4.0, 3.0, 3.0, 1.0, 1.0, 2.0, 0.0]",1,0,"[0.0, 0.0, 18.0, 1.0, 1.0, 1.0, 2.0, 2.0, 2.0, 2.0, 1.0, 2.0, 1.0, 2.0, 0.0, 0.0, 0.0, 0.0, 1.0, 0.0, 1.0, 1.0, 1.0, 4.0, 3.0, 3.0, 1.0, 1.0, 2.0, 0.0]",1,False,False,0,9.793,0.4810126582278481
student,2,42,4,69,1,"[0.0, 0.0, 18.0, 1.0, 1.0, 1.0, 2.0, 2.0, 2.0, 2.0, 1.0, 2.0, 1.0, 2.0, 0.0, 0.0, 0.0, 0.0, 1.0, 0.0, 1.0, 1.0, 1.0, 4.0, 3.0, 3.0, 1.0, 1.0, 2.0, 0.0]",1,0,"[0.0, 0.0, 18.0, 1.0, 1.0, 1.0, 2.0, 2.0, 2.0, 2.0, 1.0, 2.0, 1.0, 2.0, 0.0, 0.0, 0.0, 0.0, 1.0, 0.0, 1.0, 1.0, 1.0, 4.0, 3.0, 3.0, 1.0, 1.0, 2.0, 0.0]",1,False,False,0,9.735,0.4810126582278481
student,2,42,4,69,2,"[0.0, 0.0, 18.0, 1.0, 1.0, 1.0, 2.0, 2.0, 2.0, 2.0, 1.0, 2.0, 1.0, 2.0, 0.0, 0.0, 0.0, 0.0, 1.0, 0.0, 1.0, 1.0, 1.0, 4.0, 3.0, 3.0, 1.0, 1.0, 2.0, 0.0]",1,0,"[0.0, 0.0, 18.0, 1.0, 1.0, 1.0, 2.0, 2.0, 2.0, 2.0, 1.0, 2.0, 1.0, 2.0, 0.0, 0.0, 0.0, 0.0, 1.0, 0.0, 1.0, 1.0, 1.0, 4.0, 3.0, 3.0, 1.0, 1.0, 2.0, 0.0]",1,False,False,0,9.735,0.4810126582278481
student,2,42,4,69,3,"[0.0, 0.0, 18.0, 1.0, 1.0, 1.0, 2.0, 2.0, 2.0, 2.0, 1.0, 2.0, 1.0, 2.0, 0.0, 0.0, 0.0, 0.0, 1.0, 0.0, 1.0, 1.0, 1.0, 4.0, 3.0, 3.0, 1.0, 1.0, 2.0, 0.0]",1,0,"[0.0, 0.0, 18.0, 1.0, 1.0, 1.0, 2.0, 2.0, 2.0, 2.0, 1.0, 2.0, 1.0, 2.0, 0.0, 0.0, 0.0, 0.0, 1.0, 0.0, 1.0, 1.0, 1.0, 4.0, 3.0, 3.0, 1.0, 1.0, 2.0, 0.0]",1,False,False,0,9.752,0.4810126582278481
student,2,42,4,69,4,"[0.0, 0.0, 18.0, 1.0, 1.0, 1.0, 2.0, 2.0, 2.0, 2.0, 1.0, 2.0, 1.0, 2.0, 0.0, 0.0, 0.0, 0.0, 1.0, 0.0, 1.0, 1.0, 1.0, 4.0, 3.0, 3.0, 1.0, 1.0, 2.0, 0.0]",1,0,"[0.0, 0.0, 18.0, 1.0, 1.0, 1.0, 2.0, 2.0, 2.0, 2.0, 1.0, 2.0, 1.0, 2.0, 0.0, 0.0, 0.0, 0.0, 1.0, 0.0, 1.0, 1.0, 1.0, 4.0, 3.0, 3.0, 1.0, 1.0, 2.0, 0.0]",1,False,False,0,9.753,0.4810126582278481
student,2,42,4,70,0,"[0.0, 0.0, 18.0, 0.0, 0.0, 1.0, 2.0, 2.0, 0.0, 2.0, 0.0, 1.0, 2.0, 4.0, 0.0, 0.0, 0.0, 0.0, 1.0, 1.0, 1.0, 0.0, 0.0, 4.0, 4.0, 4.0, 1.0, 1.0, 4.0, 0.0]",1,0,"[0.0, 0.0, 18.0, 0.0, 0.0, 1.0, 2.0, 2.0, 0.0, 2.0, 0.0, 1.0, 2.0, 4.0, 0.0, 0.0, 0.0, 0.0, 1.0, 1.0, 1.0, 0.0, 0.0, 4.0, 4.0, 4.0, 1.0, 1.0, 4.0, 0.0]",1,False,False,0,9.83,0.4810126582278481
student,2,42,4,70,1,"[0.0, 0.0, 18.0, 0.0, 0.0, 1.0, 2.0, 2.0, 0.0, 2.0, 0.0, 1.0, 2.0, 4.0, 0.0, 0.0, 0.0, 0.0, 1.0, 1.0, 1.0, 0.0, 0.0, 4.0, 4.0, 4.0, 1.0, 1.0, 4.0, 0.0]",1,0,"[0.0, 0.0, 18.0, 0.0, 0.0, 1.0, 2.0, 2.0, 0.0, 2.0, 0.0, 1.0, 2.0, 4.0, 0.0, 0.0, 0.0, 0.0, 1.0, 1.0, 1.0, 0.0, 0.0, 4.0, 4.0, 4.0, 1.0, 1.0, 4.0, 0.0]",1,False,False,0,9.839,0.4810126582278481
student,2,42,4,70,2,"[0.0, 0.0, 18.0, 0.0, 0.0, 1.0, 2.0, 2.0, 0.0, 2.0, 0.0, 1.0, 2.0, 4.0, 0.0, 0.0, 0.0, 0.0, 1.0, 1.0, 1.0, 0.0, 0.0, 4.0, 4.0, 4.0, 1.0, 1.0, 4.0, 0.0]",1,0,"[0.0, 0.0, 18.0, 0.0, 0.0, 1.0, 2.0, 2.0, 0.0, 2.0, 0.0, 1.0, 2.0, 4.0, 0.0, 0.0, 0.0, 0.0, 1.0, 1.0, 1.0, 0.0, 0.0, 4.0, 4.0, 4.0, 1.0, 1.0, 4.0, 0.0]",1,False,False,0,9.846,0.4810126582278481
student,2,42,4,70,3,"[0.0, 0.0, 18.0, 0.0, 0.0, 1.0, 2.0, 2.0, 0.0, 2.0, 0.0, 1.0, 2.0, 4.0, 0.0, 0.0, 0.0, 0.0, 1.0, 1.0, 1.0, 0.0, 0.0, 4.0, 4.0, 4.0, 1.0, 1.0, 4.0, 0.0]",1,0,"[0.0, 0.0, 18.0, 0.0, 0.0, 1.0, 2.0, 2.0, 0.0, 2.0, 0.0, 1.0, 2.0, 4.0, 0.0, 0.0, 0.0, 0.0, 1.0, 1.0, 1.0, 0.0, 0.0, 4.0, 4.0, 4.0, 1.0, 1.0, 4.0, 0.0]",1,False,False,0,9.903,0.4810126582278481
student,2,42,4,70,4,"[0.0, 0.0, 18.0, 0.0, 0.0, 1.0, 2.0, 2.0, 0.0, 2.0, 0.0, 1.0, 2.0, 4.0, 0.0, 0.0, 0.0, 0.0, 1.0, 1.0, 1.0, 0.0, 0.0, 4.0, 4.0, 4.0, 1.0, 1.0, 4.0, 0.0]",1,0,"[0.0, 0.0, 18.0, 0.0, 0.0, 1.0, 2.0, 2.0, 0.0, 2.0, 0.0, 1.0, 2.0, 4.0, 0.0, 0.0, 0.0, 0.0, 1.0, 1.0, 1.0, 0.0, 0.0, 4.0, 4.0, 4.0, 1.0, 1.0, 4.0, 0.0]",1,False,False,0,9.627,0.4810126582278481
student,2,42,4,71,0,"[0.0, 0.0, 17.0, 1.0, 0.0, 1.0, 3.0, 4.0, 3.0, 2.0, 0.0, 1.0, 1.0, 3.0, 0.0, 0.0, 0.0, 0.0, 0.0, 1.0, 1.0, 1.0, 0.0, 4.0, 4.0, 5.0, 1.0, 3.0, 5.0, 16.0]",0,2,"[0.0, 0.0, 17.0, 1.0, 0.0, 1.0, 3.0, 4.0, 3.0, 2.0, 0.0, 1.0, 1.0, 3.0, 0.0, 0.0, 0.0, 0.0, 0.0, 1.0, 1.0, 1.0, 0.0, 4.0, 4.0, 5.0, 1.0, 3.0, 5.0, 16.0]",0,False,False,0,9.873,0.4810126582278481
student,2,42,4,71,1,"[0.0, 0.0, 17.0, 1.0, 0.0, 1.0, 3.0, 4.0, 3.0, 2.0, 0.0, 1.0, 1.0, 3.0, 0.0, 0.0, 0.0, 0.0, 0.0, 1.0, 1.0, 1.0, 0.0, 4.0, 4.0, 5.0, 1.0, 3.0, 5.0, 16.0]",0,2,"[0.0, 0.0, 17.0, 1.0, 0.0, 1.0, 3.0, 4.0, 3.0, 2.0, 0.0, 1.0, 1.0, 3.0, 0.0, 0.0, 0.0, 0.0, 0.0, 1.0, 1.0, 1.0, 0.0, 4.0, 4.0, 5.0, 1.0, 3.0, 5.0, 16.0]",0,False,False,0,9.935,0.4810126582278481
student,2,42,4,71,2,"[0.0, 0.0, 17.0, 1.0, 0.0, 1.0, 3.0, 4.0, 3.0, 2.0, 0.0, 1.0, 1.0, 3.0, 0.0, 0.0, 0.0, 0.0, 0.0, 1.0, 1.0, 1.0, 0.0, 4.0, 4.0, 5.0, 1.0, 3.0, 5.0, 16.0]",0,2,"[0.0, 0.0, 17.0, 1.0, 0.0, 1.0, 3.0, 4.0, 3.0, 2.0, 0.0, 1.0, 1.0, 3.0, 0.0, 0.0, 0.0, 0.0, 0.0, 1.0, 1.0, 1.0, 0.0, 4.0, 4.0, 5.0, 1.0, 3.0, 5.0, 16.0]",0,False,False,0,9.927,0.4810126582278481
student,2,42,4,71,3,"[0.0, 0.0, 17.0, 1.0, 0.0, 1.0, 3.0, 4.0, 3.0, 2.0, 0.0, 1.0, 1.0, 3.0, 0.0, 0.0, 0.0, 0.0, 0.0, 1.0, 1.0, 1.0, 0.0, 4.0, 4.0, 5.0, 1.0, 3.0, 5.0, 16.0]",0,2,"[0.0, 0.0, 17.0, 1.0, 0.0, 1.0, 3.0, 4.0, 3.0, 2.0, 0.0, 1.0, 1.0, 3.0, 0.0, 0.0, 0.0, 0.0, 0.0, 1.0, 1.0, 1.0, 0.0, 4.0, 4.0, 5.0, 1.0, 3.0, 5.0, 16.0]",0,False,False,0,9.824,0.4810126582278481
student,2,42,4,71,4,"[0.0, 0.0, 17.0, 1.0, 0.0, 1.0, 3.0, 4.0, 3.0, 2.0, 0.0, 1.0, 1.0, 3.0, 0.0, 0.0, 0.0, 0.0, 0.0, 1.0, 1.0, 1.0, 0.0, 4.0, 4.0, 5.0, 1.0, 3.0, 5.0, 16.0]",0,2,"[0.0, 0.0, 17.0, 1.0, 0.0, 1.0, 3.0, 4.0, 3.0, 2.0, 0.0, 1.0, 1.0, 3.0, 0.0, 0.0, 0.0, 0.0, 0.0, 1.0, 1.0, 1.0, 0.0, 4.0, 4.0, 5.0, 1.0, 3.0, 5.0, 16.0]",0,False,False,0,9.58,0.4810126582278481
student,2,42,4,74,0,"[1.0, 0.0, 17.0, 0.0, 0.0, 1.0, 1.0, 1.0, 2.0, 3.0, 3.0, 1.0, 3.0, 1.0, 1.0, 0.0, 1.0, 1.0, 0.0, 1.0, 1.0, 1.0, 1.0, 5.0, 2.0, 1.0, 1.0, 2.0, 1.0, 0.0]",0,0,"[1.0, 0.0, 17.0, 0.0, 0.0, 1.0, 1.0, 1.0, 2.0, 3.0, 3.0, 1.0, 3.0, 1.0, 1.0, 0.0, 1.0, 1.0, 0.0, 1.0, 1.0, 1.0, 1.0, 5.0, 2.0, 1.0, 1.0, 2.0, 1.0, 0.0]",0,False,False,0,10.117,0.4810126582278481
student,2,42,4,74,1,"[1.0, 0.0, 17.0, 0.0, 0.0, 1.0, 1.0, 1.0, 2.0, 3.0, 3.0, 1.0, 3.0, 1.0, 1.0, 0.0, 1.0, 1.0, 0.0, 1.0, 1.0, 1.0, 1.0, 5.0, 2.0, 1.0, 1.0, 2.0, 1.0, 0.0]",0,0,"[1.0, 0.0, 17.0, 0.0, 0.0, 1.0, 1.0, 1.0, 2.0, 3.0, 3.0, 1.0, 3.0, 1.0, 1.0, 0.0, 1.0, 1.0, 0.0, 1.0, 1.0, 1.0, 1.0, 5.0, 2.0, 1.0, 1.0, 2.0, 1.0, 0.0]",0,False,False,0,9.987,0.4810126582278481
student,2,42,4,74,2,"[1.0, 0.0, 17.0, 0.0, 0.0, 1.0, 1.0, 1.0, 2.0, 3.0, 3.0, 1.0, 3.0, 1.0, 1.0, 0.0, 1.0, 1.0, 0.0, 1.0, 1.0, 1.0, 1.0, 5.0, 2.0, 1.0, 1.0, 2.0, 1.0, 0.0]",0,0,"[1.0, 0.0, 17.0, 0.0, 0.0, 1.0, 1.0, 1.0, 2.0, 3.0, 3.0, 1.0, 3.0, 1.0, 1.0, 0.0, 1.0, 1.0, 0.0, 1.0, 1.0, 1.0, 1.0, 5.0, 2.0, 1.0, 1.0, 2.0, 1.0, 0.0]",0,False,False,0,9.931,0.4810126582278481
student,2,42,4,74,3,"[1.0, 0.0, 17.0, 0.0, 0.0, 1.0, 1.0, 1.0, 2.0, 3.0, 3.0, 1.0, 3.0, 1.0, 1.0, 0.0, 1.0, 1.0, 0.0, 1.0, 1.0, 1.0, 1.0, 5.0, 2.0, 1.0, 1.0, 2.0, 1.0, 0.0]",0,0,"[1.0, 0.0, 17.0, 0.0, 0.0, 1.0, 1.0, 1.0, 2.0, 3.0, 3.0, 1.0, 3.0, 1.0, 1.0, 0.0, 1.0, 1.0, 0.0, 1.0, 1.0, 1.0, 1.0, 5.0, 2.0, 1.0, 1.0, 2.0, 1.0, 0.0]",0,False,False,0,9.96,0.4810126582278481
student,2,42,4,74,4,"[1.0, 0.0, 17.0, 0.0, 0.0, 1.0, 1.0, 1.0, 2.0, 3.0, 3.0, 1.0, 3.0, 1.0, 1.0, 0.0, 1.0, 1.0, 0.0, 1.0, 1.0, 1.0, 1.0, 5.0, 2.0, 1.0, 1.0, 2.0, 1.0, 0.0]",0,0,"[1.0, 0.0, 17.0, 0.0, 0.0, 1.0, 1.0, 1.0, 2.0, 3.0, 3.0, 1.0, 3.0, 1.0, 1.0, 0.0, 1.0, 1.0, 0.0, 1.0, 1.0, 1.0, 1.0, 5.0, 2.0, 1.0, 1.0, 2.0, 1.0, 0.0]",0,False,False,0,9.507,0.4810126582278481
student,2,42,4,75,0,"[1.0, 1.0, 19.0, 0.0, 0.0, 1.0, 1.0, 1.0, 2.0, 3.0, 2.0, 1.0, 2.0, 1.0, 1.0, 0.0, 0.0, 0.0, 0.0, 1.0, 1.0, 0.0, 0.0, 4.0, 3.0, 2.0, 1.0, 3.0, 5.0, 0.0]",0,0,"[1.0, 1.0, 19.0, 0.0, 0.0, 1.0, 1.0, 1.0, 2.0, 3.0, 2.0, 1.0, 2.0, 1.0, 1.0, 0.0, 0.0, 0.0, 0.0, 1.0, 1.0, 0.0, 0.0, 4.0, 3.0, 2.0, 1.0, 3.0, 5.0, 0.0]",0,False,False,0,9.974,0.4810126582278481
student,2,42,4,75,1,"[1.0, 1.0, 19.0, 0.0, 0.0, 1.0, 1.0, 1.0, 2.0, 3.0, 2.0, 1.0, 2.0, 1.0, 1.0, 0.0, 0.0, 0.0, 0.0, 1.0, 1.0, 0.0, 0.0, 4.0, 3.0, 2.0, 1.0, 3.0, 5.0, 0.0]",0,0,"[1.0, 1.0, 19.0, 0.0, 0.0, 1.0, 1.0, 1.0, 2.0, 3.0, 2.0, 1.0, 2.0, 1.0, 1.0, 0.0, 0.0, 0.0, 0.0, 1.0, 1.0, 0.0, 0.0, 4.0, 3.0, 2.0, 1.0, 3.0, 5.0, 0.0]",0,False,False,0,9.897,0.4810126582278481
student,2,42,4,75,2,"[1.0, 1.0, 19.0, 0.0, 0.0, 1.0, 1.0, 1.0, 2.0, 3.0, 2.0, 1.0, 2.0, 1.0, 1.0, 0.0, 0.0, 0.0, 0.0, 1.0, 1.0, 0.0, 0.0, 4.0, 3.0, 2.0, 1.0, 3.0, 5.0, 0.0]",0,0,"[1.0, 1.0, 19.0, 0.0, 0.0, 1.0, 1.0, 1.0, 2.0, 3.0, 2.0, 1.0, 2.0, 1.0, 1.0, 0.0, 0.0, 0.0, 0.0, 1.0, 1.0, 0.0, 0.0, 4.0, 3.0, 2.0, 1.0, 3.0, 5.0, 0.0]",0,False,False,0,9.899,0.4810126582278481
student,2,42,4,75,3,"[1.0, 1.0, 19.0, 0.0, 0.0, 1.0, 1.0, 1.0, 2.0, 3.0, 2.0, 1.0, 2.0, 1.0, 1.0, 0.0, 0.0, 0.0, 0.0, 1.0, 1.0, 0.0, 0.0, 4.0, 3.0, 2.0, 1.0, 3.0, 5.0, 0.0]",0,0,"[1.0, 1.0, 19.0, 0.0, 0.0, 1.0, 1.0, 1.0, 2.0, 3.0, 2.0, 1.0, 2.0, 1.0, 1.0, 0.0, 0.0, 0.0, 0.0, 1.0, 1.0, 0.0, 0.0, 4.0, 3.0, 2.0, 1.0, 3.0, 5.0, 0.0]",0,False,False,0,9.924,0.4810126582278481
student,2,42,4,75,4,"[1.0, 1.0, 19.0, 0.0, 0.0, 1.0, 1.0, 1.0, 2.0, 3.0, 2.0, 1.0, 2.0, 1.0, 1.0, 0.0, 0.0, 0.0, 0.0, 1.0, 1.0, 0.0, 0.0, 4.0, 3.0, 2.0, 1.0, 3.0, 5.0, 0.0]",0,0,"[1.0, 1.0, 19.0, 0.0, 0.0, 1.0, 1.0, 1.0, 2.0, 3.0, 2.0, 1.0, 2.0, 1.0, 1.0, 0.0, 0.0, 0.0, 0.0, 1.0, 1.0, 0.0, 0.0, 4.0, 3.0, 2.0, 1.0, 3.0, 5.0, 0.0]",0,False,False,0,9.561,0.4810126582278481
student,2,42,4,76,0,"[1.0, 1.0, 18.0, 0.0, 0.0, 1.0, 4.0, 2.0, 2.0, 2.0, 1.0, 0.0, 2.0, 1.0, 1.0, 0.0, 0.0, 1.0, 0.0, 1.0, 1.0, 0.0, 0.0, 5.0, 4.0, 3.0, 4.0, 3.0, 3.0, 14.0]",0,0,"[1.0, 1.0, 18.0, 0.0, 0.0, 1.0, 4.0, 2.0, 2.0, 2.0, 1.0, 0.0, 2.0, 1.0, 1.0, 0.0, 0.0, 1.0, 0.0, 1.0, 1.0, 0.0, 0.0, 5.0, 4.0, 3.0, 4.0, 3.0, 3.0, 14.0]",0,False,False,0,9.983,0.4810126582278481
student,2,42,4,76,1,"[1.0, 1.0, 18.0, 0.0, 0.0, 1.0, 4.0, 2.0, 2.0, 2.0, 1.0, 0.0, 2.0, 1.0, 1.0, 0.0, 0.0, 1.0, 0.0, 1.0, 1.0, 0.0, 0.0, 5.0, 4.0, 3.0, 4.0, 3.0, 3.0, 14.0]",0,0,"[1.0, 1.0, 18.0, 0.0, 0.0, 1.0, 4.0, 2.0, 2.0, 2.0, 1.0, 0.0, 2.0, 1.0, 1.0, 0.0, 0.0, 1.0, 0.0, 1.0, 1.0, 0.0, 0.0, 5.0, 4.0, 3.0, 4.0, 3.0, 3.0, 14.0]",0,False,False,0,9.985,0.4810126582278481
student,2,42,4,76,2,"[1.0, 1.0, 18.0, 0.0, 0.0, 1.0, 4.0, 2.0, 2.0, 2.0, 1.0, 0.0, 2.0, 1.0, 1.0, 0.0, 0.0, 1.0, 0.0, 1.0, 1.0, 0.0, 0.0, 5.0, 4.0, 3.0, 4.0, 3.0, 3.0, 14.0]",0,0,"[1.0, 1.0, 18.0, 0.0, 0.0, 1.0, 4.0, 2.0, 2.0, 2.0, 1.0, 0.0, 2.0, 1.0, 1.0, 0.0, 0.0, 1.0, 0.0, 1.0, 1.0, 0.0, 0.0, 5.0, 4.0, 3.0, 4.0, 3.0, 3.0, 14.0]",0,False,False,0,9.986,0.4810126582278481
student,2,42,4,76,3,"[1.0, 1.0, 18.0, 0.0, 0.0, 1.0, 4.0, 2.0, 2.0, 2.0, 1.0, 0.0, 2.0, 1.0, 1.0, 0.0, 0.0, 1.0, 0.0, 1.0, 1.0, 0.0, 0.0, 5.0, 4.0, 3.0, 4.0, 3.0, 3.0, 14.0]",0,0,"[1.0, 1.0, 18.0, 0.0, 0.0, 1.0, 4.0, 2.0, 2.0, 2.0, 1.0, 0.0, 2.0, 1.0, 1.0, 0.0, 0.0, 1.0, 0.0, 1.0, 1.0, 0.0, 0.0, 5.0, 4.0, 3.0, 4.0, 3.0, 3.0, 14.0]",0,False,False,0,9.995,0.4810126582278481
student,2,42,4,76,4,"[1.0, 1.0, 18.0, 0.0, 0.0, 1.0, 4.0, 2.0, 2.0, 2.0, 1.0, 0.0, 2.0, 1.0, 1.0, 0.0, 0.0, 1.0, 0.0, 1.0, 1.0, 0.0, 0.0, 5.0, 4.0, 3.0, 4.0, 3.0, 3.0, 14.0]",0,0,"[1.0, 1.0, 18.0, 0.0, 0.0, 1.0, 4.0, 2.0, 2.0, 2.0, 1.0, 0.0, 2.0, 1.0, 1.0, 0.0, 0.0, 1.0, 0.0, 1.0, 1.0, 0.0, 0.0, 5.0, 4.0, 3.0, 4.0, 3.0, 3.0, 14.0]",0,False,False,0,9.327,0.4810126582278481
student,2,42,4,77,0,"[1.0, 0.0, 18.0, 1.0, 0.0, 1.0, 1.0, 1.0, 2.0, 2.0, 0.0, 1.0, 2.0, 2.0, 1.0, 0.0, 0.0, 0.0, 1.0, 1.0, 1.0, 0.0, 0.0, 1.0, 1.0, 1.0, 1.0, 1.0, 5.0, 0.0]",0,0,"[1.0, 0.0, 18.0, 1.0, 0.0, 1.0, 1.0, 1.0, 2.0, 2.0, 0.0, 1.0, 2.0, 2.0, 1.0, 0.0, 0.0, 0.0, 1.0, 1.0, 1.0, 0.0, 0.0, 1.0, 1.0, 1.0, 1.0, 1.0, 5.0, 0.0]",0,False,False,0,10.065,0.4810126582278481
student,2,42,4,77,1,"[1.0, 0.0, 18.0, 1.0, 0.0, 1.0, 1.0, 1.0, 2.0, 2.0, 0.0, 1.0, 2.0, 2.0, 1.0, 0.0, 0.0, 0.0, 1.0, 1.0, 1.0, 0.0, 0.0, 1.0, 1.0, 1.0, 1.0, 1.0, 5.0, 0.0]",0,0,"[1.0, 0.0, 18.0, 1.0, 0.0, 1.0, 1.0, 1.0, 2.0, 2.0, 0.0, 1.0, 2.0, 2.0, 1.0, 0.0, 0.0, 0.0, 1.0, 1.0, 1.0, 0.0, 0.0, 1.0, 1.0, 1.0, 1.0, 1.0, 5.0, 0.0]",0,False,False,0,9.938,0.4810126582278481
student,2,42,4,77,2,"[1.0, 0.0, 18.0, 1.0, 0.0, 1.0, 1.0, 1.0, 2.0, 2.0, 0.0, 1.0, 2.0, 2.0, 1.0, 0.0, 0.0, 0.0, 1.0, 1.0, 1.0, 0.0, 0.0, 1.0, 1.0, 1.0, 1.0, 1.0, 5.0, 0.0]",0,0,"[1.0, 0.0, 18.0, 1.0, 0.0, 1.0, 1.0, 1.0, 2.0, 2.0, 0.0, 1.0, 2.0, 2.0, 1.0, 0.0, 0.0, 0.0, 1.0, 1.0, 1.0, 0.0, 0.0, 1.0, 1.0, 1.0, 1.0, 1.0, 5.0, 0.0]",0,False,False,0,9.945,0.4810126582278481
student,2,42,4,77,3,"[1.0, 0.0, 18.0, 1.0, 0.0, 1.0, 1.0, 1.0, 2.0, 2.0, 0.0, 1.0, 2.0, 2.0, 1.0, 0.0, 0.0, 0.0, 1.0, 1.0, 1.0, 0.0, 0.0, 1.0, 1.0, 1.0, 1.0, 1.0, 5.0, 0.0]",0,0,"[1.0, 0.0, 18.0, 1.0, 0.0, 1.0, 1.0, 1.0, 2.0, 2.0, 0.0, 1.0, 2.0, 2.0, 1.0, 0.0, 0.0, 0.0, 1.0, 1.0, 1.0, 0.0, 0.0, 1.0, 1.0, 1.0, 1.0, 1.0, 5.0, 0.0]",0,False,False,0,9.98,0.4810126582278481
student,2,42,4,77,4,"[1.0, 0.0, 18.0, 1.0, 0.0, 1.0, 1.0, 1.0, 2.0, 2.0, 0.0, 1.0, 2.0, 2.0, 1.0, 0.0, 0.0, 0.0, 1.0, 1.0, 1.0, 0.0, 0.0, 1.0, 1.0, 1.0, 1.0, 1.0, 5.0, 0.0]",0,0,"[1.0, 0.0, 18.0, 1.0, 0.0, 1.0, 1.0, 1.0, 2.0, 2.0, 0.0, 1.0, 2.0, 2.0, 1.0, 0.0, 0.0, 0.0, 1.0, 1.0, 1.0, 0.0, 0.0, 1.0, 1.0, 1.0, 1.0, 1.0, 5.0, 0.0]",0,False,False,0,9.089,0.4810126582278481
student,2,42,4,78,0,"[1.0, 1.0, 17.0, 1.0, 1.0, 1.0, 3.0, 1.0, 3.0, 3.0, 0.0, 1.0, 2.0, 1.0, 0.0, 0.0, 0.0, 0.0, 0.0, 0.0, 1.0, 1.0, 0.0, 2.0, 4.0, 5.0, 3.0, 4.0, 2.0, 3.0]",1,2,"[1.0, 1.0, 17.0, 1.0, 1.0, 1.0, 3.0, 1.0, 3.0, 3.0, 0.0, 1.0, 2.0, 1.0, 0.0, 0.0, 0.0, 0.0, 0.0, 0.0, 1.0, 1.0, 0.0, 2.0, 4.0, 5.0, 3.0, 4.0, 2.0, 3.0]",1,False,False,0,10.666,0.4810126582278481
student,2,42,4,78,1,"[1.0, 1.0, 17.0, 1.0, 1.0, 1.0, 3.0, 1.0, 3.0, 3.0, 0.0, 1.0, 2.0, 1.0, 0.0, 0.0, 0.0, 0.0, 0.0, 0.0, 1.0, 1.0, 0.0, 2.0, 4.0, 5.0, 3.0, 4.0, 2.0, 3.0]",1,2,"[1.0, 1.0, 17.0, 1.0, 1.0, 1.0, 3.0, 1.0, 3.0, 3.0, 0.0, 1.0, 2.0, 1.0, 0.0, 0.0, 0.0, 0.0, 0.0, 0.0, 1.0, 1.0, 0.0, 2.0, 4.0, 5.0, 3.0, 4.0, 2.0, 3.0]",1,False,False,0,10.539,0.4810126582278481
student,2,42,4,78,2,"[1.0, 1.0, 17.0, 1.0, 1.0, 1.0, 3.0, 1.0, 3.0, 3.0, 0.0, 1.0, 2.0, 1.0, 0.0, 0.0, 0.0, 0.0, 0.0, 0.0, 1.0, 1.0, 0.0, 2.0, 4.0, 5.0, 3.0, 4.0, 2.0, 3.0]",1,2,"[1.0, 1.0, 17.0, 1.0, 1.0, 1.0, 3.0, 1.0, 3.0, 3.0, 0.0, 1.0, 2.0, 1.0, 0.0, 0.0, 0.0, 0.0, 0.0, 0.0, 1.0, 1.0, 0.0, 2.0, 4.0, 5.0, 3.0, 4.0, 2.0, 3.0]",1,False,False,0,10.544,0.4810126582278481
student,2,42,4,78,3,"[1.0, 1.0, 17.0, 1.0, 1.0, 1.0, 3.0, 1.0, 3.0, 3.0, 0.0, 1.0, 2.0, 1.0, 0.0, 0.0, 0.0, 0.0, 0.0, 0.0, 1.0, 1.0, 0.0, 2.0, 4.0, 5.0, 3.0, 4.0, 2.0, 3.0]",1,2,"[1.0, 1.0, 17.0, 1.0, 1.0, 1.0, 3.0, 1.0, 3.0, 3.0, 0.0, 1.0, 2.0, 1.0, 0.0, 0.0, 0.0, 0.0, 0.0, 0.0, 1.0, 1.0, 0.0, 2.0, 4.0, 5.0, 3.0, 4.0, 2.0, 3.0]",1,False,False,0,10.546,0.4810126582278481
student,2,42,4,78,4,"[1.0, 1.0, 17.0, 1.0, 1.0, 1.0, 3.0, 1.0, 3.0, 3.0, 0.0, 1.0, 2.0, 1.0, 0.0, 0.0, 0.0, 0.0, 0.0, 0.0, 1.0, 1.0, 0.0, 2.0, 4.0, 5.0, 3.0, 4.0, 2.0, 3.0]",1,2,"[1.0, 1.0, 17.0, 1.0, 1.0, 1.0, 3.0, 1.0, 3.0, 3.0, 0.0, 1.0, 2.0, 1.0, 0.0, 0.0, 0.0, 0.0, 0.0, 0.0, 1.0, 1.0, 0.0, 2.0, 4.0, 5.0, 3.0, 4.0, 2.0, 3.0]",1,False,False,0,8.833,0.4810126582278481
